Issue_ID,Business_Unit,Risk_Category,Severity,Root_Cause_Category,Control_Test_Result,Open_Date,Target_Close_Date,Actual_Close_Date,SLA_Breach,Recurrence_Flag
ISS-0001,Cards,Internal Fraud,Low,Human Error,Fail,2026-04-12,2026-07-11,,False,True
ISS-0002,Payments Ops,"Execution, Delivery & Process Management",High,Human Error,Fail,2025-12-10,2026-01-09,2025-12-29,False,False
ISS-0003,Retail Banking,"Execution, Delivery & Process Management",Medium,System Failure,Fail,2025-02-28,2025-04-29,2025-04-08,False,False
ISS-0004,Retail Banking,Damage to Physical Assets,Medium,Process Gap,Pass,2025-09-01,2025-10-31,2025-10-28,False,False
ISS-0005,Retail Banking,"Execution, Delivery & Process Management",Low,Documentation Gap,Pass,2025-12-12,2026-03-12,,True,False
ISS-0006,Merchant Services,Business Disruption & System Failures,High,System Failure,Fail,2025-07-25,2025-08-24,2025-08-14,False,False
ISS-0007,Retail Banking,External Fraud,Medium,Process Gap,Pass,2026-04-22,2026-06-21,2026-06-20,False,False
ISS-0008,Corporate Functions,"Execution, Delivery & Process Management",Medium,Process Gap,Pass,2025-12-04,2026-02-02,2026-02-19,True,False
ISS-0009,Payments Ops,Damage to Physical Assets,Low,Process Gap,Pass,2025-03-06,2025-06-04,,True,False
ISS-0010,Payments Ops,Business Disruption & System Failures,Medium,Process Gap,Fail,2026-01-27,2026-03-28,2026-02-27,False,False
ISS-0011,Digital Channels,"Clients, Products & Business Practices",Medium,Process Gap,Fail,2025-04-09,2025-06-08,2025-05-24,False,False
ISS-0012,Cards,"Clients, Products & Business Practices",Medium,Documentation Gap,Pass,2025-01-05,2025-03-06,2025-02-27,False,False
ISS-0013,Payments Ops,Business Disruption & System Failures,High,Process Gap,Fail,2025-08-29,2025-09-28,2025-10-16,True,False
ISS-0014,Payments Ops,Internal Fraud,Medium,System Failure,Pass,2025-02-05,2025-04-06,2025-05-13,True,False
ISS-0015,Digital Channels,"Clients, Products & Business Practices",Medium,Process Gap,Pass,2025-12-06,2026-02-04,2026-02-20,True,False
ISS-0016,Payments Ops,External Fraud,Low,System Failure,Fail,2026-01-12,2026-04-12,2026-02-26,False,False
ISS-0017,Payments Ops,Business Disruption & System Failures,Low,Process Gap,Pass,2026-01-09,2026-04-09,2026-03-10,False,False
ISS-0018,Payments Ops,Business Disruption & System Failures,High,Process Gap,Fail,2026-01-21,2026-02-20,2026-02-11,False,False
ISS-0019,Cards,"Clients, Products & Business Practices",Low,System Failure,Pass,2026-02-20,2026-05-21,2026-05-08,False,False
ISS-0020,Retail Banking,Business Disruption & System Failures,Medium,Third-Party / Vendor,Pass,2025-07-17,2025-09-15,2025-09-22,True,False
ISS-0021,Retail Banking,Business Disruption & System Failures,Low,Third-Party / Vendor,Pass,2026-02-07,2026-05-08,2026-05-21,True,False
ISS-0022,Digital Channels,Business Disruption & System Failures,High,Documentation Gap,Fail,2025-12-04,2026-01-03,2026-01-15,True,False
ISS-0023,Retail Banking,Business Disruption & System Failures,Low,Process Gap,Fail,2025-01-02,2025-04-02,2025-04-28,True,False
ISS-0024,Corporate Functions,Business Disruption & System Failures,Low,Process Gap,Pass,2025-07-27,2025-10-25,2025-10-26,True,False
ISS-0025,Merchant Services,"Execution, Delivery & Process Management",Medium,Third-Party / Vendor,Pass,2025-08-15,2025-10-14,2025-10-17,True,False
ISS-0026,Corporate Functions,Damage to Physical Assets,Medium,System Failure,Pass,2025-06-12,2025-08-11,2025-08-24,True,False
ISS-0027,Cards,"Execution, Delivery & Process Management",Low,Human Error,Pass,2026-02-05,2026-05-06,2026-03-19,False,False
ISS-0028,Payments Ops,Business Disruption & System Failures,Low,Process Gap,Pass,2025-08-18,2025-11-16,2025-11-18,True,False
ISS-0029,Digital Channels,Business Disruption & System Failures,Medium,System Failure,Fail,2026-05-31,2026-07-30,,False,False
ISS-0030,Merchant Services,"Execution, Delivery & Process Management",Low,Documentation Gap,Pass,2025-04-09,2025-07-08,2025-08-01,True,False
ISS-0031,Corporate Functions,"Execution, Delivery & Process Management",Medium,Human Error,Pass,2025-04-26,2025-06-25,2025-07-17,True,False
ISS-0032,Cards,"Execution, Delivery & Process Management",Medium,Documentation Gap,Pass,2025-10-15,2025-12-14,2025-11-28,False,False
ISS-0033,Cards,"Execution, Delivery & Process Management",Medium,System Failure,Pass,2026-01-28,2026-03-29,2026-02-13,False,True
ISS-0034,Digital Channels,External Fraud,Low,Documentation Gap,Pass,2025-02-05,2025-05-06,2025-03-20,False,False
ISS-0035,Merchant Services,"Clients, Products & Business Practices",Low,Third-Party / Vendor,Pass,2025-04-02,2025-07-01,2025-09-06,True,False
ISS-0036,Cards,"Execution, Delivery & Process Management",Low,Third-Party / Vendor,Pass,2025-11-01,2026-01-30,,True,False
ISS-0037,Digital Channels,Business Disruption & System Failures,High,System Failure,Pass,2025-01-05,2025-02-04,2025-01-22,False,False
ISS-0038,Digital Channels,"Execution, Delivery & Process Management",Medium,Human Error,Fail,2025-09-26,2025-11-25,2025-10-14,False,False
ISS-0039,Digital Channels,"Execution, Delivery & Process Management",Medium,Process Gap,Pass,2025-02-27,2025-04-28,2025-02-28,False,False
ISS-0040,Payments Ops,"Execution, Delivery & Process Management",High,Process Gap,Pass,2025-09-29,2025-10-29,2025-10-15,False,False
ISS-0041,Merchant Services,"Execution, Delivery & Process Management",Medium,Process Gap,Fail,2025-10-12,2025-12-11,,True,False
ISS-0042,Retail Banking,"Execution, Delivery & Process Management",Low,Human Error,Pass,2025-08-06,2025-11-04,2026-01-11,True,False
ISS-0043,Digital Channels,Business Disruption & System Failures,Medium,Human Error,Fail,2025-04-10,2025-06-09,,True,False
ISS-0044,Cards,"Clients, Products & Business Practices",Medium,Third-Party / Vendor,Pass,2026-05-31,2026-07-30,2026-06-30,False,False
ISS-0045,Digital Channels,"Clients, Products & Business Practices",Medium,Process Gap,Pass,2026-03-03,2026-05-02,2026-05-21,True,False
ISS-0046,Cards,Damage to Physical Assets,Low,Process Gap,Fail,2025-10-29,2026-01-27,,True,False
ISS-0047,Retail Banking,"Clients, Products & Business Practices",High,System Failure,Pass,2026-02-22,2026-03-24,2026-04-16,True,False
ISS-0048,Cards,Internal Fraud,High,System Failure,Pass,2026-01-29,2026-02-28,2026-02-24,False,False
ISS-0049,Payments Ops,"Clients, Products & Business Practices",Low,Process Gap,Pass,2025-04-06,2025-07-05,2025-08-27,True,False
ISS-0050,Digital Channels,"Execution, Delivery & Process Management",Low,System Failure,Pass,2025-12-08,2026-03-08,2026-02-09,False,False
ISS-0051,Retail Banking,"Execution, Delivery & Process Management",Low,Third-Party / Vendor,Pass,2026-01-19,2026-04-19,2026-03-06,False,False
ISS-0052,Retail Banking,"Clients, Products & Business Practices",Medium,Process Gap,Pass,2025-05-24,2025-07-23,2025-07-16,False,False
ISS-0053,Retail Banking,Business Disruption & System Failures,High,Human Error,Fail,2025-08-03,2025-09-02,2025-09-11,True,False
ISS-0054,Digital Channels,Employment Practices & Workplace Safety,Medium,Process Gap,Pass,2025-07-13,2025-09-11,,True,False
ISS-0055,Retail Banking,Damage to Physical Assets,Medium,System Failure,Pass,2026-05-26,2026-07-25,2026-06-30,False,False
ISS-0056,Payments Ops,Business Disruption & System Failures,Low,System Failure,Pass,2025-06-16,2025-09-14,2025-08-23,False,False
ISS-0057,Payments Ops,"Execution, Delivery & Process Management",High,Process Gap,Pass,2025-01-01,2025-01-31,2025-01-27,False,False
ISS-0058,Cards,Business Disruption & System Failures,Medium,Process Gap,Pass,2025-04-27,2025-06-26,2025-06-26,False,False
ISS-0059,Retail Banking,Business Disruption & System Failures,Low,System Failure,Pass,2026-06-10,2026-09-08,2026-06-30,False,False
ISS-0060,Corporate Functions,"Clients, Products & Business Practices",Medium,Human Error,Pass,2025-11-26,2026-01-25,2026-01-16,False,False
ISS-0061,Merchant Services,"Execution, Delivery & Process Management",Medium,System Failure,Pass,2025-06-27,2025-08-26,2025-09-15,True,False
ISS-0062,Cards,"Execution, Delivery & Process Management",Medium,Process Gap,Fail,2026-04-06,2026-06-05,2026-06-19,True,False
ISS-0063,Cards,Internal Fraud,Low,Process Gap,Fail,2026-01-09,2026-04-09,2026-05-29,True,False
ISS-0064,Corporate Functions,"Execution, Delivery & Process Management",Medium,System Failure,Pass,2026-04-06,2026-06-05,,True,False
ISS-0065,Retail Banking,"Execution, Delivery & Process Management",High,Process Gap,Pass,2026-03-13,2026-04-12,2026-04-21,True,False
ISS-0066,Cards,"Execution, Delivery & Process Management",Medium,Process Gap,Fail,2026-03-22,2026-05-21,2026-06-05,True,False
ISS-0067,Digital Channels,"Execution, Delivery & Process Management",Medium,Process Gap,Pass,2026-03-14,2026-05-13,2026-06-07,True,False
ISS-0068,Payments Ops,"Clients, Products & Business Practices",Low,System Failure,Fail,2025-10-30,2026-01-28,2026-01-21,False,False
ISS-0069,Digital Channels,"Clients, Products & Business Practices",Low,Documentation Gap,Pass,2025-11-02,2026-01-31,2025-12-05,False,False
ISS-0070,Corporate Functions,Business Disruption & System Failures,Medium,Third-Party / Vendor,Pass,2025-04-16,2025-06-15,2025-04-17,False,False
ISS-0071,Corporate Functions,"Execution, Delivery & Process Management",Low,System Failure,Pass,2025-03-10,2025-06-08,2025-03-11,False,False
ISS-0072,Merchant Services,"Execution, Delivery & Process Management",High,Process Gap,Fail,2025-04-05,2025-05-05,2025-04-30,False,False
ISS-0073,Merchant Services,"Execution, Delivery & Process Management",Low,System Failure,Pass,2025-04-03,2025-07-02,2025-04-28,False,False
ISS-0074,Digital Channels,Business Disruption & System Failures,Medium,Process Gap,Pass,2025-08-21,2025-10-20,2025-10-27,True,False
ISS-0075,Digital Channels,"Execution, Delivery & Process Management",Medium,System Failure,Fail,2025-02-16,2025-04-17,2025-05-03,True,False
ISS-0076,Digital Channels,"Execution, Delivery & Process Management",Medium,System Failure,Pass,2026-04-19,2026-06-18,2026-05-26,False,True
ISS-0077,Payments Ops,External Fraud,High,Process Gap,Fail,2025-01-03,2025-02-02,2025-03-12,True,False
ISS-0078,Retail Banking,Business Disruption & System Failures,Medium,Process Gap,Fail,2026-04-30,2026-06-29,2026-06-30,True,False
ISS-0079,Payments Ops,Employment Practices & Workplace Safety,High,System Failure,Fail,2026-06-09,2026-07-09,2026-06-30,False,False
ISS-0080,Payments Ops,"Execution, Delivery & Process Management",Medium,Human Error,Pass,2026-01-04,2026-03-05,2026-03-16,True,False
ISS-0081,Cards,"Execution, Delivery & Process Management",Low,Human Error,Pass,2025-11-11,2026-02-09,2025-12-05,False,False
ISS-0082,Retail Banking,"Execution, Delivery & Process Management",Medium,Process Gap,Fail,2025-12-16,2026-02-14,,True,False
ISS-0083,Digital Channels,"Execution, Delivery & Process Management",Medium,System Failure,Pass,2025-08-11,2025-10-10,2025-10-19,True,False
ISS-0084,Payments Ops,Internal Fraud,High,Documentation Gap,Fail,2026-03-17,2026-04-16,2026-03-20,False,True
ISS-0085,Digital Channels,"Execution, Delivery & Process Management",Low,Human Error,Pass,2026-06-16,2026-09-14,2026-06-30,False,False
ISS-0086,Retail Banking,"Clients, Products & Business Practices",Medium,Human Error,Fail,2025-09-16,2025-11-15,,True,False
ISS-0087,Cards,"Execution, Delivery & Process Management",High,Documentation Gap,Fail,2025-11-17,2025-12-17,,True,True
ISS-0088,Retail Banking,"Execution, Delivery & Process Management",Medium,Human Error,Pass,2025-04-05,2025-06-04,2025-06-08,True,False
ISS-0089,Corporate Functions,"Execution, Delivery & Process Management",High,Human Error,Pass,2025-12-15,2026-01-14,,True,False
ISS-0090,Digital Channels,"Execution, Delivery & Process Management",Medium,Process Gap,Pass,2026-01-14,2026-03-15,2026-02-20,False,False
ISS-0091,Corporate Functions,"Execution, Delivery & Process Management",Medium,Human Error,Pass,2026-06-10,2026-08-09,2026-06-30,False,False
ISS-0092,Payments Ops,"Clients, Products & Business Practices",Medium,System Failure,Pass,2025-04-14,2025-06-13,2025-08-05,True,False
ISS-0093,Retail Banking,Internal Fraud,Low,System Failure,Fail,2025-01-15,2025-04-15,2025-06-14,True,False
ISS-0094,Payments Ops,Damage to Physical Assets,Low,Human Error,Pass,2025-10-16,2026-01-14,,True,False
ISS-0095,Payments Ops,External Fraud,Low,System Failure,Pass,2025-06-08,2025-09-06,2025-08-26,False,False
ISS-0096,Payments Ops,"Clients, Products & Business Practices",Medium,System Failure,Pass,2025-11-20,2026-01-19,2026-02-05,True,False
ISS-0097,Merchant Services,Business Disruption & System Failures,Medium,System Failure,Fail,2025-05-14,2025-07-13,2025-08-12,True,False
ISS-0098,Payments Ops,Internal Fraud,Medium,Human Error,Pass,2026-04-05,2026-06-04,,True,False
ISS-0099,Corporate Functions,External Fraud,High,Human Error,Pass,2026-01-13,2026-02-12,,True,False
ISS-0100,Retail Banking,"Execution, Delivery & Process Management",Low,Documentation Gap,Fail,2026-02-09,2026-05-10,,True,False
ISS-0101,Retail Banking,Employment Practices & Workplace Safety,Medium,System Failure,Fail,2026-03-07,2026-05-06,,True,False
ISS-0102,Cards,External Fraud,High,System Failure,Fail,2026-06-21,2026-07-21,2026-06-30,False,False
ISS-0103,Payments Ops,Internal Fraud,Medium,Process Gap,Pass,2025-07-01,2025-08-30,,True,False
ISS-0104,Payments Ops,Business Disruption & System Failures,Low,System Failure,Pass,2025-06-05,2025-09-03,2025-09-26,True,False
ISS-0105,Payments Ops,Damage to Physical Assets,Medium,Human Error,Pass,2025-03-04,2025-05-03,2025-07-05,True,False
ISS-0106,Retail Banking,External Fraud,Medium,Third-Party / Vendor,Fail,2025-10-12,2025-12-11,2025-12-06,False,False
ISS-0107,Cards,Employment Practices & Workplace Safety,Medium,Process Gap,Pass,2025-07-13,2025-09-11,2025-08-20,False,False
ISS-0108,Digital Channels,"Execution, Delivery & Process Management",Medium,Process Gap,Pass,2026-04-03,2026-06-02,2026-04-04,False,False
ISS-0109,Payments Ops,External Fraud,Low,Third-Party / Vendor,Pass,2025-01-08,2025-04-08,,True,False
ISS-0110,Cards,"Execution, Delivery & Process Management",Low,Process Gap,Fail,2025-08-27,2025-11-25,2025-11-21,False,False
ISS-0111,Merchant Services,External Fraud,Low,Human Error,Pass,2026-03-28,2026-06-26,2026-06-30,True,False
ISS-0112,Retail Banking,Business Disruption & System Failures,Medium,Process Gap,Pass,2025-05-31,2025-07-30,2025-08-29,True,False
ISS-0113,Corporate Functions,"Clients, Products & Business Practices",Medium,Third-Party / Vendor,Pass,2025-04-29,2025-06-28,2025-07-17,True,True
ISS-0114,Merchant Services,Business Disruption & System Failures,Medium,System Failure,Fail,2026-05-15,2026-07-14,2026-06-28,False,False
ISS-0115,Payments Ops,Damage to Physical Assets,Medium,Process Gap,Pass,2025-07-28,2025-09-26,2025-09-26,False,False
ISS-0116,Payments Ops,"Clients, Products & Business Practices",Medium,Process Gap,Pass,2025-01-04,2025-03-05,,True,False
ISS-0117,Corporate Functions,"Clients, Products & Business Practices",Low,Third-Party / Vendor,Pass,2025-02-11,2025-05-12,2025-05-19,True,False
ISS-0118,Merchant Services,Employment Practices & Workplace Safety,Medium,Process Gap,Fail,2025-10-14,2025-12-13,2025-10-22,False,False
ISS-0119,Payments Ops,"Clients, Products & Business Practices",Low,Process Gap,Pass,2026-04-21,2026-07-20,2026-04-26,False,False
ISS-0120,Corporate Functions,"Execution, Delivery & Process Management",High,Third-Party / Vendor,Fail,2025-10-23,2025-11-22,2025-11-05,False,False
ISS-0121,Corporate Functions,External Fraud,Low,Documentation Gap,Pass,2026-02-10,2026-05-11,2026-05-26,True,False
ISS-0122,Retail Banking,Business Disruption & System Failures,Medium,System Failure,Pass,2026-05-16,2026-07-15,2026-05-28,False,False
ISS-0123,Cards,Business Disruption & System Failures,Low,Human Error,Pass,2025-05-11,2025-08-09,,True,False
ISS-0124,Retail Banking,Damage to Physical Assets,High,Process Gap,Fail,2025-01-17,2025-02-16,2025-01-26,False,False
ISS-0125,Payments Ops,Employment Practices & Workplace Safety,Low,Third-Party / Vendor,Pass,2026-01-09,2026-04-09,2026-03-21,False,False
ISS-0126,Corporate Functions,Internal Fraud,Low,Human Error,Fail,2026-06-22,2026-09-20,2026-06-30,False,True
ISS-0127,Retail Banking,"Clients, Products & Business Practices",Low,Process Gap,Pass,2025-05-17,2025-08-15,2025-08-14,False,False
ISS-0128,Retail Banking,Business Disruption & System Failures,Low,Human Error,Fail,2026-02-06,2026-05-07,2026-06-21,True,False
ISS-0129,Cards,"Clients, Products & Business Practices",Medium,Third-Party / Vendor,Pass,2025-07-02,2025-08-31,2025-09-29,True,False
ISS-0130,Payments Ops,External Fraud,Medium,Human Error,Pass,2025-06-10,2025-08-09,2025-06-27,False,False
ISS-0131,Retail Banking,Employment Practices & Workplace Safety,High,Third-Party / Vendor,Fail,2026-02-20,2026-03-22,2026-03-26,True,False
ISS-0132,Retail Banking,"Execution, Delivery & Process Management",High,Process Gap,Fail,2025-09-29,2025-10-29,2025-10-03,False,False
ISS-0133,Merchant Services,"Execution, Delivery & Process Management",High,System Failure,Fail,2025-11-20,2025-12-20,2025-11-23,False,False
ISS-0134,Payments Ops,"Execution, Delivery & Process Management",Low,Process Gap,Fail,2025-12-10,2026-03-10,,True,False
ISS-0135,Corporate Functions,External Fraud,Medium,Human Error,Pass,2025-11-15,2026-01-14,2026-03-11,True,False
ISS-0136,Retail Banking,Damage to Physical Assets,Medium,Documentation Gap,Pass,2025-08-31,2025-10-30,2025-10-06,False,False
ISS-0137,Cards,"Execution, Delivery & Process Management",Medium,Process Gap,Pass,2026-06-01,2026-07-31,,False,False
ISS-0138,Corporate Functions,Employment Practices & Workplace Safety,Low,Documentation Gap,Fail,2026-05-05,2026-08-03,2026-06-30,False,True
ISS-0139,Digital Channels,Business Disruption & System Failures,Low,Human Error,Fail,2025-12-23,2026-03-23,,True,True
ISS-0140,Digital Channels,"Execution, Delivery & Process Management",High,Third-Party / Vendor,Pass,2025-11-28,2025-12-28,,True,False
ISS-0141,Cards,Internal Fraud,Low,Process Gap,Pass,2025-02-07,2025-05-08,2025-04-28,False,False
ISS-0142,Merchant Services,Business Disruption & System Failures,High,Process Gap,Pass,2025-04-24,2025-05-24,2025-06-24,True,False
ISS-0143,Digital Channels,Business Disruption & System Failures,Low,Human Error,Pass,2025-09-19,2025-12-18,2025-11-17,False,False
ISS-0144,Digital Channels,"Execution, Delivery & Process Management",Medium,Process Gap,Pass,2025-12-11,2026-02-09,2026-02-11,True,False
ISS-0145,Retail Banking,Employment Practices & Workplace Safety,Low,System Failure,Pass,2026-03-02,2026-05-31,,True,False
ISS-0146,Cards,External Fraud,Medium,Third-Party / Vendor,Pass,2026-06-08,2026-08-07,,False,False
ISS-0147,Cards,"Clients, Products & Business Practices",Low,Human Error,Pass,2026-03-24,2026-06-22,2026-05-18,False,False
ISS-0148,Digital Channels,"Execution, Delivery & Process Management",Low,Human Error,Pass,2026-02-16,2026-05-17,2026-05-15,False,False
ISS-0149,Retail Banking,"Execution, Delivery & Process Management",Low,Process Gap,Pass,2025-01-22,2025-04-22,2025-04-29,True,False
ISS-0150,Retail Banking,Employment Practices & Workplace Safety,Low,Documentation Gap,Pass,2025-08-15,2025-11-13,2025-10-09,False,False
ISS-0151,Digital Channels,Business Disruption & System Failures,Low,Process Gap,Fail,2026-04-27,2026-07-26,2026-06-30,False,False
ISS-0152,Corporate Functions,Business Disruption & System Failures,Medium,Process Gap,Pass,2025-06-06,2025-08-05,2025-08-11,True,False
ISS-0153,Cards,"Execution, Delivery & Process Management",Low,Documentation Gap,Fail,2025-01-21,2025-04-21,2025-05-05,True,False
ISS-0154,Digital Channels,Damage to Physical Assets,Low,System Failure,Pass,2026-06-11,2026-09-09,2026-06-30,False,False
ISS-0155,Merchant Services,"Clients, Products & Business Practices",Medium,Human Error,Fail,2025-11-05,2026-01-04,,True,False
ISS-0156,Payments Ops,Business Disruption & System Failures,High,Third-Party / Vendor,Fail,2026-06-20,2026-07-20,2026-06-30,False,False
ISS-0157,Merchant Services,External Fraud,Medium,Process Gap,Fail,2025-08-24,2025-10-23,2025-09-06,False,False
ISS-0158,Retail Banking,"Clients, Products & Business Practices",Medium,Human Error,Pass,2025-03-05,2025-05-04,2025-05-06,True,False
ISS-0159,Retail Banking,"Execution, Delivery & Process Management",Medium,System Failure,Pass,2026-06-28,2026-08-27,2026-06-30,False,False
ISS-0160,Digital Channels,"Execution, Delivery & Process Management",High,Human Error,Fail,2025-11-06,2025-12-06,2025-12-09,True,False
ISS-0161,Merchant Services,Business Disruption & System Failures,High,System Failure,Fail,2025-04-26,2025-05-26,2025-05-31,True,False
ISS-0162,Digital Channels,"Execution, Delivery & Process Management",Low,Documentation Gap,Fail,2025-01-09,2025-04-09,2025-02-19,False,False
ISS-0163,Retail Banking,Business Disruption & System Failures,Low,Third-Party / Vendor,Pass,2025-11-14,2026-02-12,2026-01-20,False,False
ISS-0164,Merchant Services,Business Disruption & System Failures,Medium,Third-Party / Vendor,Pass,2025-05-07,2025-07-06,2025-09-03,True,False
ISS-0165,Merchant Services,"Execution, Delivery & Process Management",High,Process Gap,Fail,2025-10-28,2025-11-27,2025-11-19,False,False
ISS-0166,Digital Channels,Employment Practices & Workplace Safety,Medium,Process Gap,Fail,2025-12-18,2026-02-16,2025-12-19,False,True
ISS-0167,Payments Ops,"Execution, Delivery & Process Management",Medium,Process Gap,Pass,2025-07-26,2025-09-24,2025-10-17,True,False
ISS-0168,Merchant Services,External Fraud,Medium,System Failure,Pass,2026-06-16,2026-08-15,2026-06-30,False,True
ISS-0169,Payments Ops,Business Disruption & System Failures,Medium,Process Gap,Pass,2025-12-01,2026-01-30,2025-12-10,False,False
ISS-0170,Payments Ops,Internal Fraud,Medium,Human Error,Pass,2026-06-04,2026-08-03,2026-06-30,False,False
ISS-0171,Merchant Services,"Clients, Products & Business Practices",Medium,System Failure,Pass,2025-11-14,2026-01-13,,True,False
ISS-0172,Cards,"Clients, Products & Business Practices",Medium,Human Error,Fail,2025-05-25,2025-07-24,2025-06-13,False,False
ISS-0173,Digital Channels,"Execution, Delivery & Process Management",Low,System Failure,Pass,2025-09-27,2025-12-26,2026-02-02,True,False
ISS-0174,Payments Ops,"Clients, Products & Business Practices",High,System Failure,Pass,2026-05-28,2026-06-27,2026-06-06,False,True
ISS-0175,Merchant Services,Business Disruption & System Failures,Medium,Third-Party / Vendor,Pass,2025-06-05,2025-08-04,2025-06-18,False,False
ISS-0176,Payments Ops,Business Disruption & System Failures,High,Documentation Gap,Fail,2025-10-20,2025-11-19,2025-11-25,True,False
ISS-0177,Cards,Business Disruption & System Failures,High,Process Gap,Pass,2025-08-04,2025-09-03,2025-08-29,False,False
ISS-0178,Retail Banking,"Execution, Delivery & Process Management",Low,Human Error,Pass,2026-03-03,2026-06-01,2026-04-17,False,False
ISS-0179,Retail Banking,"Execution, Delivery & Process Management",Low,Process Gap,Pass,2025-12-07,2026-03-07,,True,False
ISS-0180,Merchant Services,Business Disruption & System Failures,Low,Process Gap,Pass,2025-11-07,2026-02-05,2026-02-12,True,False
ISS-0181,Cards,"Execution, Delivery & Process Management",Medium,Third-Party / Vendor,Pass,2025-12-11,2026-02-09,2026-01-04,False,False
ISS-0182,Merchant Services,Business Disruption & System Failures,Low,Process Gap,Pass,2025-06-10,2025-09-08,2025-09-26,True,False
ISS-0183,Digital Channels,External Fraud,Medium,Human Error,Pass,2026-01-16,2026-03-17,2026-03-07,False,False
ISS-0184,Corporate Functions,Employment Practices & Workplace Safety,Medium,Third-Party / Vendor,Pass,2026-03-31,2026-05-30,,True,False
ISS-0185,Cards,Business Disruption & System Failures,Medium,Human Error,Pass,2026-04-18,2026-06-17,2026-06-30,True,False
ISS-0186,Payments Ops,Business Disruption & System Failures,High,Human Error,Fail,2025-01-03,2025-02-02,2025-01-07,False,False
ISS-0187,Payments Ops,Business Disruption & System Failures,Medium,Human Error,Pass,2026-03-03,2026-05-02,,True,False
ISS-0188,Retail Banking,"Execution, Delivery & Process Management",Low,Third-Party / Vendor,Pass,2025-02-20,2025-05-21,,True,False
ISS-0189,Corporate Functions,Business Disruption & System Failures,High,System Failure,Fail,2026-05-09,2026-06-08,2026-06-07,False,False
ISS-0190,Digital Channels,Business Disruption & System Failures,Medium,Human Error,Pass,2025-03-31,2025-05-30,,True,False
ISS-0191,Retail Banking,"Clients, Products & Business Practices",Medium,System Failure,Pass,2025-11-08,2026-01-07,2025-12-09,False,False
ISS-0192,Digital Channels,Business Disruption & System Failures,Medium,Process Gap,Fail,2025-04-28,2025-06-27,2025-06-16,False,False
ISS-0193,Payments Ops,External Fraud,Low,Process Gap,Pass,2025-06-01,2025-08-30,2025-09-20,True,False
ISS-0194,Cards,Employment Practices & Workplace Safety,Medium,Human Error,Fail,2026-03-15,2026-05-14,2026-04-19,False,False
ISS-0195,Retail Banking,External Fraud,Low,Process Gap,Fail,2026-03-08,2026-06-06,2026-04-29,False,False
ISS-0196,Merchant Services,"Execution, Delivery & Process Management",Low,Process Gap,Fail,2025-11-16,2026-02-14,,True,False
ISS-0197,Merchant Services,Business Disruption & System Failures,Medium,Human Error,Pass,2025-10-07,2025-12-06,,True,False
ISS-0198,Retail Banking,External Fraud,Medium,Process Gap,Fail,2025-12-19,2026-02-17,2026-01-24,False,False
ISS-0199,Cards,Business Disruption & System Failures,Medium,Human Error,Pass,2026-06-01,2026-07-31,,False,False
ISS-0200,Merchant Services,"Execution, Delivery & Process Management",Medium,Human Error,Fail,2025-02-27,2025-04-28,2025-05-10,True,False
ISS-0201,Merchant Services,Business Disruption & System Failures,High,Human Error,Pass,2026-04-22,2026-05-22,2026-06-14,True,False
ISS-0202,Retail Banking,Business Disruption & System Failures,High,System Failure,Pass,2026-02-04,2026-03-06,2026-02-23,False,False
ISS-0203,Retail Banking,Damage to Physical Assets,Low,System Failure,Pass,2025-05-29,2025-08-27,,True,False
ISS-0204,Cards,External Fraud,Low,Human Error,Pass,2026-05-15,2026-08-13,2026-06-08,False,True
ISS-0205,Retail Banking,"Execution, Delivery & Process Management",Medium,System Failure,Fail,2026-03-25,2026-05-24,2026-04-18,False,False
ISS-0206,Merchant Services,Business Disruption & System Failures,Low,System Failure,Pass,2025-04-11,2025-07-10,2025-04-12,False,False
ISS-0207,Payments Ops,Business Disruption & System Failures,Medium,Human Error,Pass,2026-04-07,2026-06-06,2026-05-12,False,False
ISS-0208,Retail Banking,Business Disruption & System Failures,Medium,Human Error,Pass,2025-09-23,2025-11-22,2025-12-12,True,False
ISS-0209,Retail Banking,Employment Practices & Workplace Safety,Low,System Failure,Pass,2025-08-26,2025-11-24,,True,False
ISS-0210,Payments Ops,Business Disruption & System Failures,High,System Failure,Fail,2026-06-21,2026-07-21,2026-06-30,False,False
ISS-0211,Corporate Functions,Employment Practices & Workplace Safety,Medium,Third-Party / Vendor,Fail,2025-02-12,2025-04-13,2025-03-11,False,False
ISS-0212,Merchant Services,"Execution, Delivery & Process Management",High,Third-Party / Vendor,Fail,2026-01-17,2026-02-16,2026-02-15,False,False
ISS-0213,Corporate Functions,"Execution, Delivery & Process Management",High,Process Gap,Fail,2025-09-20,2025-10-20,2025-10-12,False,False
ISS-0214,Retail Banking,Business Disruption & System Failures,Low,Third-Party / Vendor,Pass,2025-08-09,2025-11-07,2025-08-10,False,False
ISS-0215,Retail Banking,Employment Practices & Workplace Safety,Medium,Process Gap,Pass,2025-04-02,2025-06-01,2025-06-20,True,False
ISS-0216,Retail Banking,Business Disruption & System Failures,Low,Process Gap,Fail,2026-02-09,2026-05-10,,True,False
ISS-0217,Cards,External Fraud,High,System Failure,Fail,2025-08-01,2025-08-31,2025-08-11,False,False
ISS-0218,Retail Banking,"Execution, Delivery & Process Management",Medium,Process Gap,Pass,2025-11-04,2026-01-03,2026-01-10,True,False
ISS-0219,Retail Banking,"Execution, Delivery & Process Management",Low,Process Gap,Pass,2025-08-15,2025-11-13,2025-09-29,False,False
ISS-0220,Digital Channels,Employment Practices & Workplace Safety,Low,Third-Party / Vendor,Pass,2025-05-09,2025-08-07,2025-05-10,False,False
ISS-0221,Retail Banking,"Execution, Delivery & Process Management",Low,Process Gap,Pass,2025-10-11,2026-01-09,2026-01-30,True,False
ISS-0222,Merchant Services,"Clients, Products & Business Practices",High,System Failure,Fail,2026-02-20,2026-03-22,2026-03-23,True,False
ISS-0223,Payments Ops,"Execution, Delivery & Process Management",High,Human Error,Pass,2026-03-11,2026-04-10,,True,False
ISS-0224,Retail Banking,Internal Fraud,Low,System Failure,Pass,2026-03-12,2026-06-10,2026-04-19,False,False
ISS-0225,Retail Banking,"Execution, Delivery & Process Management",Low,Third-Party / Vendor,Pass,2026-01-03,2026-04-03,2026-04-15,True,False
ISS-0226,Cards,External Fraud,Low,System Failure,Pass,2026-01-17,2026-04-17,2026-05-16,True,False
ISS-0227,Cards,"Execution, Delivery & Process Management",Medium,Process Gap,Pass,2025-06-09,2025-08-08,2025-07-31,False,False
ISS-0228,Digital Channels,"Clients, Products & Business Practices",High,System Failure,Pass,2025-07-02,2025-08-01,,True,False
ISS-0229,Cards,Business Disruption & System Failures,Medium,Process Gap,Fail,2025-06-21,2025-08-20,2025-08-22,True,False
ISS-0230,Cards,External Fraud,Low,Third-Party / Vendor,Pass,2026-06-14,2026-09-12,2026-06-30,False,False
ISS-0231,Cards,Damage to Physical Assets,Low,Human Error,Pass,2025-07-22,2025-10-20,2025-09-07,False,False
ISS-0232,Payments Ops,External Fraud,High,Human Error,Fail,2026-04-08,2026-05-08,2026-05-17,True,False
ISS-0233,Digital Channels,External Fraud,Medium,Human Error,Pass,2025-01-19,2025-03-20,,True,False
ISS-0234,Retail Banking,"Clients, Products & Business Practices",Low,System Failure,Fail,2025-07-05,2025-10-03,,True,False
ISS-0235,Cards,External Fraud,Low,Process Gap,Pass,2026-05-06,2026-08-04,2026-06-30,False,False
ISS-0236,Merchant Services,"Clients, Products & Business Practices",Medium,System Failure,Pass,2025-08-22,2025-10-21,2025-10-30,True,False
ISS-0237,Retail Banking,External Fraud,Medium,Documentation Gap,Pass,2025-03-11,2025-05-10,2025-06-19,True,True
ISS-0238,Digital Channels,"Clients, Products & Business Practices",Medium,System Failure,Pass,2026-02-09,2026-04-10,,True,False
ISS-0239,Retail Banking,"Execution, Delivery & Process Management",Medium,System Failure,Pass,2025-08-09,2025-10-08,2025-09-21,False,False
ISS-0240,Retail Banking,"Clients, Products & Business Practices",Medium,Human Error,Pass,2025-06-11,2025-08-10,2025-07-26,False,False
ISS-0241,Cards,"Clients, Products & Business Practices",High,Human Error,Pass,2025-11-10,2025-12-10,2025-12-07,False,False
ISS-0242,Digital Channels,Business Disruption & System Failures,Medium,Process Gap,Pass,2025-07-02,2025-08-31,2025-08-09,False,False
ISS-0243,Digital Channels,External Fraud,Low,Process Gap,Fail,2025-07-17,2025-10-15,2025-09-29,False,False
ISS-0244,Digital Channels,"Execution, Delivery & Process Management",Medium,Third-Party / Vendor,Pass,2025-05-17,2025-07-16,2025-07-18,True,False
ISS-0245,Corporate Functions,"Execution, Delivery & Process Management",Low,Human Error,Pass,2026-03-02,2026-05-31,2026-03-27,False,False
ISS-0246,Cards,Business Disruption & System Failures,Medium,System Failure,Pass,2025-09-18,2025-11-17,2025-10-28,False,True
ISS-0247,Corporate Functions,Internal Fraud,Low,Process Gap,Fail,2025-12-30,2026-03-30,,True,False
ISS-0248,Digital Channels,"Clients, Products & Business Practices",Low,Process Gap,Fail,2026-02-18,2026-05-19,,True,False
ISS-0249,Cards,"Execution, Delivery & Process Management",Low,Documentation Gap,Pass,2025-07-24,2025-10-22,2025-10-18,False,False
ISS-0250,Retail Banking,Employment Practices & Workplace Safety,High,Human Error,Pass,2026-06-17,2026-07-17,2026-06-20,False,False
ISS-0251,Digital Channels,"Execution, Delivery & Process Management",Low,Documentation Gap,Pass,2025-07-18,2025-10-16,2025-08-26,False,True
ISS-0252,Digital Channels,External Fraud,Low,System Failure,Pass,2025-05-11,2025-08-09,2025-07-08,False,False
ISS-0253,Cards,Internal Fraud,Low,Process Gap,Fail,2026-05-05,2026-08-03,,False,False
ISS-0254,Merchant Services,Business Disruption & System Failures,Low,Process Gap,Pass,2025-02-12,2025-05-13,,True,False
ISS-0255,Merchant Services,Business Disruption & System Failures,High,System Failure,Fail,2026-06-01,2026-07-01,2026-06-13,False,False
ISS-0256,Digital Channels,"Clients, Products & Business Practices",Medium,System Failure,Pass,2025-03-27,2025-05-26,2025-05-11,False,False
ISS-0257,Cards,Damage to Physical Assets,Low,System Failure,Pass,2025-10-04,2026-01-02,,True,False
ISS-0258,Cards,External Fraud,Medium,Process Gap,Pass,2026-01-16,2026-03-17,2026-03-17,False,False
ISS-0259,Corporate Functions,External Fraud,High,Process Gap,Fail,2025-02-13,2025-03-15,2025-02-26,False,False
ISS-0260,Merchant Services,Employment Practices & Workplace Safety,Medium,Third-Party / Vendor,Pass,2026-05-19,2026-07-18,2026-06-30,False,False
ISS-0261,Retail Banking,Business Disruption & System Failures,Low,Process Gap,Pass,2025-08-26,2025-11-24,2025-12-04,True,False
ISS-0262,Digital Channels,"Execution, Delivery & Process Management",Low,Documentation Gap,Pass,2025-02-09,2025-05-10,2025-03-27,False,False
ISS-0263,Payments Ops,"Execution, Delivery & Process Management",Medium,Human Error,Pass,2025-09-17,2025-11-16,2025-11-19,True,False
ISS-0264,Cards,Damage to Physical Assets,Medium,Process Gap,Pass,2025-06-11,2025-08-10,,True,False
ISS-0265,Digital Channels,Business Disruption & System Failures,Medium,Process Gap,Pass,2025-12-19,2026-02-17,,True,False
ISS-0266,Digital Channels,"Execution, Delivery & Process Management",Medium,Documentation Gap,Pass,2025-09-22,2025-11-21,2025-10-31,False,False
ISS-0267,Payments Ops,External Fraud,Medium,System Failure,Pass,2026-04-02,2026-06-01,2026-06-30,True,False
ISS-0268,Cards,"Execution, Delivery & Process Management",Low,Third-Party / Vendor,Fail,2025-02-10,2025-05-11,2025-05-01,False,False
ISS-0269,Retail Banking,"Clients, Products & Business Practices",Medium,Human Error,Pass,2025-10-16,2025-12-15,,True,False
ISS-0270,Merchant Services,"Execution, Delivery & Process Management",Low,Process Gap,Fail,2025-07-20,2025-10-18,2025-09-29,False,False
ISS-0271,Digital Channels,"Execution, Delivery & Process Management",Medium,Process Gap,Pass,2025-10-29,2025-12-28,2025-12-05,False,False
ISS-0272,Corporate Functions,"Execution, Delivery & Process Management",Low,Process Gap,Pass,2025-04-25,2025-07-24,2025-08-11,True,False
ISS-0273,Retail Banking,Business Disruption & System Failures,Medium,Third-Party / Vendor,Pass,2026-06-26,2026-08-25,2026-06-30,False,False
ISS-0274,Payments Ops,"Execution, Delivery & Process Management",Medium,Process Gap,Pass,2025-03-24,2025-05-23,2025-05-31,True,False
ISS-0275,Digital Channels,Damage to Physical Assets,Low,Human Error,Pass,2026-05-23,2026-08-21,2026-06-30,False,False
ISS-0276,Payments Ops,"Execution, Delivery & Process Management",High,Process Gap,Fail,2025-09-22,2025-10-22,,True,False
ISS-0277,Payments Ops,"Execution, Delivery & Process Management",Medium,Process Gap,Fail,2025-08-10,2025-10-09,2025-09-23,False,True
ISS-0278,Cards,Damage to Physical Assets,Low,System Failure,Pass,2026-03-08,2026-06-06,,True,False
ISS-0279,Payments Ops,Damage to Physical Assets,Low,System Failure,Fail,2025-10-03,2026-01-01,2026-01-24,True,False
ISS-0280,Payments Ops,External Fraud,Medium,Process Gap,Pass,2026-04-27,2026-06-26,2026-06-30,True,True
ISS-0281,Payments Ops,"Execution, Delivery & Process Management",Medium,Third-Party / Vendor,Pass,2025-01-26,2025-03-27,,True,False
ISS-0282,Retail Banking,Internal Fraud,Medium,Third-Party / Vendor,Pass,2026-03-31,2026-05-30,,True,False
ISS-0283,Cards,External Fraud,Low,Process Gap,Pass,2025-12-13,2026-03-13,2026-06-20,True,False
ISS-0284,Payments Ops,"Clients, Products & Business Practices",High,Process Gap,Fail,2025-09-19,2025-10-19,,True,False
ISS-0285,Retail Banking,"Execution, Delivery & Process Management",Low,System Failure,Pass,2026-02-28,2026-05-29,2026-03-28,False,False
ISS-0286,Payments Ops,Business Disruption & System Failures,Low,Process Gap,Pass,2026-02-08,2026-05-09,,True,False
ISS-0287,Cards,External Fraud,Medium,System Failure,Fail,2026-01-17,2026-03-18,2026-01-18,False,False
ISS-0288,Digital Channels,"Execution, Delivery & Process Management",Low,System Failure,Pass,2025-07-02,2025-09-30,2025-12-06,True,False
ISS-0289,Corporate Functions,"Execution, Delivery & Process Management",Medium,System Failure,Pass,2025-11-28,2026-01-27,2026-01-19,False,False
ISS-0290,Merchant Services,"Execution, Delivery & Process Management",Low,Process Gap,Pass,2025-09-07,2025-12-06,2025-12-29,True,True
ISS-0291,Retail Banking,Employment Practices & Workplace Safety,Medium,Human Error,Pass,2026-02-24,2026-04-25,2026-05-03,True,False
ISS-0292,Retail Banking,Business Disruption & System Failures,Low,Process Gap,Fail,2025-02-10,2025-05-11,2025-06-20,True,False
ISS-0293,Cards,"Clients, Products & Business Practices",High,Human Error,Pass,2026-01-12,2026-02-11,,True,False
ISS-0294,Retail Banking,"Clients, Products & Business Practices",Low,System Failure,Pass,2025-12-16,2026-03-16,,True,False
ISS-0295,Retail Banking,Business Disruption & System Failures,Medium,System Failure,Pass,2025-12-23,2026-02-21,,True,False
ISS-0296,Payments Ops,Business Disruption & System Failures,Low,Human Error,Pass,2026-03-14,2026-06-12,2026-06-30,True,False
ISS-0297,Cards,"Execution, Delivery & Process Management",Medium,Third-Party / Vendor,Pass,2025-12-30,2026-02-28,2026-03-01,True,False
ISS-0298,Corporate Functions,Business Disruption & System Failures,Medium,Human Error,Pass,2025-04-28,2025-06-27,2025-06-28,True,False
ISS-0299,Merchant Services,Business Disruption & System Failures,Medium,System Failure,Fail,2025-07-12,2025-09-10,2025-09-10,False,False
ISS-0300,Cards,"Execution, Delivery & Process Management",Medium,Third-Party / Vendor,Pass,2025-11-21,2026-01-20,2025-11-22,False,False
ISS-0301,Digital Channels,"Clients, Products & Business Practices",Medium,Process Gap,Fail,2026-03-10,2026-05-09,2026-05-03,False,False
ISS-0302,Corporate Functions,Business Disruption & System Failures,High,Process Gap,Fail,2025-08-22,2025-09-21,2025-09-11,False,False
ISS-0303,Cards,"Execution, Delivery & Process Management",Medium,Process Gap,Pass,2025-06-19,2025-08-18,2025-06-20,False,False
ISS-0304,Corporate Functions,Business Disruption & System Failures,High,Human Error,Fail,2025-04-19,2025-05-19,2025-04-29,False,False
ISS-0305,Digital Channels,Damage to Physical Assets,Medium,System Failure,Fail,2026-01-14,2026-03-15,2026-04-06,True,False
ISS-0306,Merchant Services,"Execution, Delivery & Process Management",Medium,Human Error,Fail,2025-05-19,2025-07-18,2025-06-29,False,False
ISS-0307,Cards,"Clients, Products & Business Practices",High,System Failure,Pass,2025-05-19,2025-06-18,2025-06-24,True,False
ISS-0308,Cards,"Execution, Delivery & Process Management",Low,System Failure,Pass,2026-06-04,2026-09-02,,False,False
ISS-0309,Payments Ops,Business Disruption & System Failures,Medium,Documentation Gap,Pass,2025-09-24,2025-11-23,2025-12-10,True,False
ISS-0310,Payments Ops,"Execution, Delivery & Process Management",Low,Human Error,Fail,2025-07-03,2025-10-01,2025-09-16,False,False
ISS-0311,Corporate Functions,Business Disruption & System Failures,Low,Human Error,Pass,2025-04-12,2025-07-11,2025-05-15,False,False
ISS-0312,Payments Ops,Business Disruption & System Failures,Low,Documentation Gap,Pass,2026-04-10,2026-07-09,2026-06-27,False,False
ISS-0313,Digital Channels,External Fraud,Medium,Documentation Gap,Fail,2025-11-25,2026-01-24,,True,False
ISS-0314,Retail Banking,"Clients, Products & Business Practices",Medium,Process Gap,Fail,2025-11-19,2026-01-18,2026-01-19,True,False
ISS-0315,Payments Ops,"Clients, Products & Business Practices",Low,Process Gap,Pass,2025-12-15,2026-03-15,,True,False
ISS-0316,Digital Channels,Business Disruption & System Failures,Low,Human Error,Pass,2025-10-13,2026-01-11,2026-02-09,True,False
ISS-0317,Cards,"Execution, Delivery & Process Management",Low,Third-Party / Vendor,Pass,2025-05-21,2025-08-19,2025-08-30,True,False
ISS-0318,Digital Channels,"Clients, Products & Business Practices",Low,Third-Party / Vendor,Pass,2025-04-14,2025-07-13,2025-05-26,False,False
ISS-0319,Merchant Services,"Execution, Delivery & Process Management",Medium,Human Error,Pass,2025-10-17,2025-12-16,,True,False
ISS-0320,Retail Banking,Employment Practices & Workplace Safety,Low,Process Gap,Pass,2026-01-15,2026-04-15,2026-05-15,True,False
ISS-0321,Retail Banking,"Execution, Delivery & Process Management",Medium,Process Gap,Fail,2025-10-22,2025-12-21,2025-11-23,False,False
ISS-0322,Cards,"Execution, Delivery & Process Management",Medium,Third-Party / Vendor,Pass,2026-03-13,2026-05-12,,True,False
ISS-0323,Retail Banking,Business Disruption & System Failures,Low,Process Gap,Pass,2026-06-28,2026-09-26,2026-06-30,False,False
ISS-0324,Payments Ops,"Clients, Products & Business Practices",High,Human Error,Fail,2026-02-16,2026-03-18,2026-02-28,False,True
ISS-0325,Payments Ops,"Execution, Delivery & Process Management",Low,Human Error,Pass,2025-10-17,2026-01-15,,True,False
ISS-0326,Merchant Services,"Execution, Delivery & Process Management",Low,System Failure,Fail,2025-06-03,2025-09-01,2025-07-12,False,False
ISS-0327,Payments Ops,Employment Practices & Workplace Safety,Medium,System Failure,Pass,2025-06-06,2025-08-05,2025-07-25,False,False
ISS-0328,Payments Ops,Employment Practices & Workplace Safety,Medium,Documentation Gap,Pass,2025-03-24,2025-05-23,2025-05-21,False,False
ISS-0329,Cards,Damage to Physical Assets,High,Human Error,Fail,2025-06-24,2025-07-24,,True,False
ISS-0330,Merchant Services,"Clients, Products & Business Practices",Low,Third-Party / Vendor,Pass,2026-03-07,2026-06-05,2026-05-19,False,False
ISS-0331,Merchant Services,Damage to Physical Assets,High,System Failure,Fail,2025-12-21,2026-01-20,2025-12-24,False,False
ISS-0332,Retail Banking,Business Disruption & System Failures,Medium,Process Gap,Pass,2025-07-29,2025-09-27,2025-11-03,True,False
ISS-0333,Cards,Employment Practices & Workplace Safety,Low,Human Error,Pass,2025-06-22,2025-09-20,,True,False
ISS-0334,Cards,Internal Fraud,High,Human Error,Pass,2025-05-29,2025-06-28,2025-06-16,False,False
ISS-0335,Payments Ops,"Clients, Products & Business Practices",High,Process Gap,Pass,2025-02-18,2025-03-20,,True,False
ISS-0336,Payments Ops,"Execution, Delivery & Process Management",Low,Process Gap,Pass,2026-02-02,2026-05-03,2026-02-03,False,False
ISS-0337,Payments Ops,"Clients, Products & Business Practices",High,System Failure,Pass,2025-07-07,2025-08-06,2025-07-31,False,False
ISS-0338,Digital Channels,Business Disruption & System Failures,Medium,Process Gap,Fail,2026-05-17,2026-07-16,,False,False
ISS-0339,Digital Channels,External Fraud,High,Process Gap,Fail,2026-05-16,2026-06-15,2026-05-31,False,False
ISS-0340,Merchant Services,"Clients, Products & Business Practices",Medium,Human Error,Pass,2025-08-16,2025-10-15,2025-10-28,True,False
ISS-0341,Retail Banking,Employment Practices & Workplace Safety,Low,Third-Party / Vendor,Pass,2025-08-02,2025-10-31,,True,False
ISS-0342,Digital Channels,External Fraud,Low,Human Error,Pass,2025-05-04,2025-08-02,2025-07-24,False,False
ISS-0343,Corporate Functions,"Execution, Delivery & Process Management",Medium,Process Gap,Fail,2025-12-28,2026-02-26,2026-02-26,False,False
ISS-0344,Digital Channels,"Execution, Delivery & Process Management",Medium,Documentation Gap,Pass,2025-03-09,2025-05-08,2025-03-31,False,False
ISS-0345,Cards,Internal Fraud,Medium,System Failure,Pass,2026-05-04,2026-07-03,2026-06-30,False,False
ISS-0346,Merchant Services,Internal Fraud,Medium,Process Gap,Fail,2026-02-26,2026-04-27,2026-04-21,False,False
ISS-0347,Merchant Services,"Execution, Delivery & Process Management",Medium,Third-Party / Vendor,Pass,2025-10-29,2025-12-28,2025-11-08,False,True
ISS-0348,Retail Banking,"Execution, Delivery & Process Management",Medium,Process Gap,Fail,2025-06-10,2025-08-09,,True,False
ISS-0349,Corporate Functions,Business Disruption & System Failures,Medium,Human Error,Fail,2025-09-09,2025-11-08,2025-09-19,False,False
ISS-0350,Payments Ops,"Clients, Products & Business Practices",High,Human Error,Pass,2025-09-17,2025-10-17,2025-10-20,True,False
ISS-0351,Merchant Services,Business Disruption & System Failures,Low,System Failure,Pass,2025-09-04,2025-12-03,2025-12-10,True,False
ISS-0352,Cards,"Execution, Delivery & Process Management",Medium,Third-Party / Vendor,Pass,2025-04-03,2025-06-02,2025-06-10,True,False
ISS-0353,Retail Banking,"Execution, Delivery & Process Management",Medium,Documentation Gap,Fail,2025-06-20,2025-08-19,,True,False
ISS-0354,Digital Channels,"Execution, Delivery & Process Management",Medium,Third-Party / Vendor,Fail,2025-06-04,2025-08-03,,True,False
ISS-0355,Payments Ops,"Clients, Products & Business Practices",High,Process Gap,Fail,2026-05-14,2026-06-13,2026-05-15,False,False
ISS-0356,Merchant Services,"Execution, Delivery & Process Management",High,Process Gap,Fail,2025-01-17,2025-02-16,2025-03-12,True,False
ISS-0357,Cards,"Clients, Products & Business Practices",Medium,Human Error,Fail,2025-02-27,2025-04-28,2025-05-05,True,False
ISS-0358,Cards,Internal Fraud,High,Human Error,Fail,2025-09-13,2025-10-13,2025-10-18,True,False
ISS-0359,Payments Ops,Business Disruption & System Failures,Low,Process Gap,Pass,2025-10-30,2026-01-28,2026-01-06,False,False
ISS-0360,Digital Channels,Employment Practices & Workplace Safety,Low,Human Error,Pass,2026-01-03,2026-04-03,2026-05-08,True,False
ISS-0361,Digital Channels,"Execution, Delivery & Process Management",High,Process Gap,Pass,2026-02-25,2026-03-27,2026-03-15,False,False
ISS-0362,Digital Channels,Business Disruption & System Failures,Medium,Process Gap,Fail,2025-09-11,2025-11-10,2025-12-06,True,False
ISS-0363,Payments Ops,"Clients, Products & Business Practices",High,System Failure,Pass,2026-01-26,2026-02-25,2026-02-21,False,False
ISS-0364,Digital Channels,"Execution, Delivery & Process Management",Medium,System Failure,Pass,2026-02-24,2026-04-25,2026-04-13,False,False
ISS-0365,Digital Channels,Business Disruption & System Failures,Medium,System Failure,Pass,2026-02-15,2026-04-16,2026-03-31,False,False
ISS-0366,Corporate Functions,Business Disruption & System Failures,Medium,Third-Party / Vendor,Pass,2025-09-29,2025-11-28,,True,False
ISS-0367,Payments Ops,"Clients, Products & Business Practices",Medium,Third-Party / Vendor,Pass,2026-04-25,2026-06-24,,True,False
ISS-0368,Cards,"Clients, Products & Business Practices",Medium,Human Error,Pass,2025-04-12,2025-06-11,2025-05-13,False,False
ISS-0369,Merchant Services,"Execution, Delivery & Process Management",Low,System Failure,Fail,2025-04-06,2025-07-05,,True,False
ISS-0370,Digital Channels,"Execution, Delivery & Process Management",High,Third-Party / Vendor,Fail,2026-02-22,2026-03-24,2026-03-13,False,False
ISS-0371,Cards,Damage to Physical Assets,Low,Human Error,Pass,2025-06-24,2025-09-22,2025-07-30,False,False
ISS-0372,Payments Ops,"Execution, Delivery & Process Management",Medium,System Failure,Pass,2026-03-28,2026-05-27,2026-05-19,False,False
ISS-0373,Cards,"Clients, Products & Business Practices",Low,Human Error,Pass,2025-12-05,2026-03-05,2026-03-14,True,False
ISS-0374,Cards,Business Disruption & System Failures,High,Documentation Gap,Pass,2026-04-03,2026-05-03,2026-05-14,True,False
ISS-0375,Cards,External Fraud,Medium,Process Gap,Fail,2026-01-10,2026-03-11,2026-04-14,True,False
ISS-0376,Digital Channels,Internal Fraud,High,Human Error,Fail,2025-04-23,2025-05-23,,True,False
ISS-0377,Cards,"Execution, Delivery & Process Management",Medium,Documentation Gap,Pass,2025-03-10,2025-05-09,,True,False
ISS-0378,Digital Channels,"Execution, Delivery & Process Management",Medium,Human Error,Pass,2026-03-26,2026-05-25,2026-05-23,False,False
ISS-0379,Digital Channels,External Fraud,High,Third-Party / Vendor,Pass,2026-04-22,2026-05-22,,True,False
ISS-0380,Cards,"Execution, Delivery & Process Management",Medium,Documentation Gap,Fail,2025-07-21,2025-09-19,,True,False
ISS-0381,Corporate Functions,"Execution, Delivery & Process Management",Medium,Human Error,Pass,2026-03-01,2026-04-30,2026-04-22,False,False
ISS-0382,Payments Ops,"Execution, Delivery & Process Management",Low,System Failure,Pass,2026-05-29,2026-08-27,2026-06-30,False,False
ISS-0383,Merchant Services,"Execution, Delivery & Process Management",High,Documentation Gap,Fail,2025-05-28,2025-06-27,2025-06-24,False,False
ISS-0384,Merchant Services,"Clients, Products & Business Practices",Medium,Process Gap,Pass,2025-10-10,2025-12-09,2025-12-25,True,False
ISS-0385,Cards,"Execution, Delivery & Process Management",Medium,Third-Party / Vendor,Pass,2025-06-03,2025-08-02,2025-09-06,True,False
ISS-0386,Merchant Services,"Execution, Delivery & Process Management",Low,Process Gap,Pass,2026-02-18,2026-05-19,2026-04-30,False,False
ISS-0387,Payments Ops,"Execution, Delivery & Process Management",Medium,Documentation Gap,Pass,2025-08-25,2025-10-24,2025-10-16,False,False
ISS-0388,Merchant Services,"Execution, Delivery & Process Management",Low,System Failure,Pass,2026-02-23,2026-05-24,2026-05-25,True,False
ISS-0389,Payments Ops,Business Disruption & System Failures,Low,Process Gap,Pass,2025-02-10,2025-05-11,2025-05-14,True,False
ISS-0390,Merchant Services,"Execution, Delivery & Process Management",Medium,Third-Party / Vendor,Pass,2025-02-16,2025-04-17,,True,False
ISS-0391,Cards,"Execution, Delivery & Process Management",High,Documentation Gap,Fail,2025-11-10,2025-12-10,2025-11-13,False,False
ISS-0392,Cards,Employment Practices & Workplace Safety,Medium,System Failure,Fail,2026-05-19,2026-07-18,2026-06-30,False,False
ISS-0393,Merchant Services,External Fraud,Low,System Failure,Fail,2026-05-05,2026-08-03,2026-06-30,False,False
ISS-0394,Cards,Employment Practices & Workplace Safety,Low,Third-Party / Vendor,Fail,2025-07-06,2025-10-04,2025-09-01,False,False
ISS-0395,Merchant Services,"Execution, Delivery & Process Management",Low,System Failure,Pass,2025-09-09,2025-12-08,,True,False
ISS-0396,Digital Channels,Business Disruption & System Failures,Medium,Third-Party / Vendor,Pass,2025-07-24,2025-09-22,2025-08-28,False,False
ISS-0397,Payments Ops,Internal Fraud,High,Third-Party / Vendor,Fail,2025-05-01,2025-05-31,2025-05-28,False,False
ISS-0398,Retail Banking,"Execution, Delivery & Process Management",High,Process Gap,Pass,2026-03-31,2026-04-30,2026-04-24,False,False
ISS-0399,Digital Channels,"Execution, Delivery & Process Management",Low,System Failure,Pass,2025-10-04,2026-01-02,2026-02-13,True,False
ISS-0400,Retail Banking,Employment Practices & Workplace Safety,Low,Process Gap,Pass,2026-01-24,2026-04-24,2026-04-18,False,False
ISS-0401,Corporate Functions,Employment Practices & Workplace Safety,High,System Failure,Pass,2025-02-08,2025-03-10,2025-02-09,False,False
ISS-0402,Digital Channels,"Clients, Products & Business Practices",Low,Third-Party / Vendor,Pass,2026-04-02,2026-07-01,,False,False
ISS-0403,Merchant Services,"Execution, Delivery & Process Management",Low,Process Gap,Fail,2026-02-05,2026-05-06,2026-04-30,False,False
ISS-0404,Digital Channels,"Execution, Delivery & Process Management",Medium,System Failure,Pass,2026-02-20,2026-04-21,2026-05-15,True,False
ISS-0405,Cards,Business Disruption & System Failures,High,Process Gap,Fail,2026-06-24,2026-07-24,2026-06-30,False,False
ISS-0406,Cards,"Execution, Delivery & Process Management",Low,Human Error,Pass,2025-05-17,2025-08-15,2025-07-10,False,False
ISS-0407,Payments Ops,Business Disruption & System Failures,Low,Human Error,Fail,2025-12-20,2026-03-20,2026-03-24,True,False
ISS-0408,Payments Ops,"Execution, Delivery & Process Management",Low,Process Gap,Pass,2025-10-09,2026-01-07,2026-02-04,True,False
ISS-0409,Retail Banking,External Fraud,Low,Third-Party / Vendor,Pass,2025-07-12,2025-10-10,,True,False
ISS-0410,Digital Channels,"Execution, Delivery & Process Management",Medium,Human Error,Pass,2026-02-20,2026-04-21,2026-04-24,True,False
ISS-0411,Merchant Services,External Fraud,Medium,Third-Party / Vendor,Fail,2025-12-30,2026-02-28,2026-03-09,True,False
ISS-0412,Digital Channels,Business Disruption & System Failures,Medium,Third-Party / Vendor,Pass,2025-05-19,2025-07-18,,True,False
ISS-0413,Cards,External Fraud,Low,Process Gap,Fail,2026-06-18,2026-09-16,2026-06-30,False,False
ISS-0414,Digital Channels,Business Disruption & System Failures,Low,System Failure,Pass,2025-12-01,2026-03-01,2026-01-20,False,False
ISS-0415,Corporate Functions,"Execution, Delivery & Process Management",Medium,Process Gap,Pass,2025-02-09,2025-04-10,,True,False
ISS-0416,Cards,Business Disruption & System Failures,Low,Human Error,Pass,2026-02-18,2026-05-19,2026-05-01,False,False
ISS-0417,Retail Banking,External Fraud,Low,Human Error,Fail,2025-05-16,2025-08-14,2025-10-29,True,False
ISS-0418,Payments Ops,Business Disruption & System Failures,Medium,Human Error,Pass,2025-12-21,2026-02-19,2026-03-22,True,False
ISS-0419,Retail Banking,"Execution, Delivery & Process Management",Low,Human Error,Pass,2026-05-05,2026-08-03,2026-06-30,False,False
ISS-0420,Merchant Services,"Execution, Delivery & Process Management",Medium,Human Error,Fail,2026-06-04,2026-08-03,2026-06-30,False,False
ISS-0421,Digital Channels,Employment Practices & Workplace Safety,Low,Human Error,Pass,2026-05-29,2026-08-27,,False,False
ISS-0422,Payments Ops,Business Disruption & System Failures,Low,System Failure,Pass,2026-05-20,2026-08-18,2026-06-20,False,False
ISS-0423,Corporate Functions,"Clients, Products & Business Practices",Medium,Process Gap,Fail,2026-01-13,2026-03-14,2026-04-05,True,False
ISS-0424,Retail Banking,External Fraud,Low,System Failure,Pass,2025-12-06,2026-03-06,2026-03-17,True,False
ISS-0425,Digital Channels,"Execution, Delivery & Process Management",Medium,System Failure,Fail,2026-02-09,2026-04-10,2026-04-16,True,False
ISS-0426,Digital Channels,External Fraud,Medium,Process Gap,Pass,2026-03-31,2026-05-30,2026-06-23,True,False
ISS-0427,Digital Channels,Employment Practices & Workplace Safety,Medium,Human Error,Fail,2025-01-27,2025-03-28,2025-04-22,True,False
ISS-0428,Digital Channels,Employment Practices & Workplace Safety,Low,Process Gap,Fail,2025-09-10,2025-12-09,2025-10-28,False,False
ISS-0429,Corporate Functions,Employment Practices & Workplace Safety,Low,System Failure,Fail,2026-05-23,2026-08-21,2026-06-30,False,False
ISS-0430,Digital Channels,"Execution, Delivery & Process Management",Low,Human Error,Pass,2025-07-27,2025-10-25,2025-12-08,True,False
ISS-0431,Cards,Business Disruption & System Failures,High,Human Error,Pass,2026-03-26,2026-04-25,2026-04-03,False,False
ISS-0432,Payments Ops,Internal Fraud,Low,System Failure,Pass,2025-11-11,2026-02-09,2026-01-08,False,False
ISS-0433,Payments Ops,Business Disruption & System Failures,Low,System Failure,Pass,2025-01-14,2025-04-14,,True,False
ISS-0434,Payments Ops,"Clients, Products & Business Practices",Low,System Failure,Pass,2025-10-04,2026-01-02,2025-12-30,False,False
ISS-0435,Corporate Functions,"Execution, Delivery & Process Management",Medium,Human Error,Pass,2025-07-12,2025-09-10,,True,False
ISS-0436,Merchant Services,Business Disruption & System Failures,Low,Third-Party / Vendor,Fail,2026-02-08,2026-05-09,2026-04-10,False,False
ISS-0437,Retail Banking,"Execution, Delivery & Process Management",Medium,System Failure,Pass,2025-06-15,2025-08-14,2025-06-16,False,False
ISS-0438,Retail Banking,"Clients, Products & Business Practices",Medium,Documentation Gap,Pass,2025-05-30,2025-07-29,2025-07-14,False,False
ISS-0439,Retail Banking,"Execution, Delivery & Process Management",Low,Human Error,Pass,2026-06-03,2026-09-01,2026-06-30,False,False
ISS-0440,Digital Channels,"Execution, Delivery & Process Management",Medium,Process Gap,Pass,2025-08-11,2025-10-10,2025-09-20,False,False
ISS-0441,Payments Ops,Employment Practices & Workplace Safety,High,System Failure,Fail,2025-09-25,2025-10-25,2025-10-19,False,False
ISS-0442,Retail Banking,"Execution, Delivery & Process Management",Medium,System Failure,Fail,2026-04-30,2026-06-29,2026-06-02,False,False
ISS-0443,Corporate Functions,"Execution, Delivery & Process Management",High,Process Gap,Fail,2025-04-20,2025-05-20,2025-05-10,False,False
ISS-0444,Cards,"Execution, Delivery & Process Management",Low,Process Gap,Pass,2025-12-04,2026-03-04,2026-04-08,True,False
ISS-0445,Digital Channels,"Execution, Delivery & Process Management",High,System Failure,Fail,2025-10-29,2025-11-28,2025-11-28,False,False
ISS-0446,Payments Ops,"Execution, Delivery & Process Management",Low,Process Gap,Pass,2025-05-25,2025-08-23,2025-07-01,False,False
ISS-0447,Corporate Functions,Business Disruption & System Failures,Low,Process Gap,Pass,2025-03-30,2025-06-28,2025-08-03,True,False
ISS-0448,Digital Channels,"Execution, Delivery & Process Management",Medium,Third-Party / Vendor,Pass,2026-01-28,2026-03-29,2026-04-10,True,False
ISS-0449,Retail Banking,Business Disruption & System Failures,Medium,Human Error,Pass,2025-02-07,2025-04-08,2025-04-27,True,False
ISS-0450,Cards,"Execution, Delivery & Process Management",Medium,Third-Party / Vendor,Fail,2025-08-17,2025-10-16,2025-09-30,False,False
ISS-0451,Merchant Services,Business Disruption & System Failures,Low,System Failure,Pass,2025-03-13,2025-06-11,2025-04-26,False,False
ISS-0452,Payments Ops,"Execution, Delivery & Process Management",Medium,Process Gap,Fail,2026-02-10,2026-04-11,2026-04-15,True,False
ISS-0453,Payments Ops,Business Disruption & System Failures,Medium,Third-Party / Vendor,Fail,2026-01-22,2026-03-23,2026-04-19,True,False
ISS-0454,Payments Ops,"Execution, Delivery & Process Management",Low,Process Gap,Pass,2026-05-02,2026-07-31,2026-06-16,False,False
ISS-0455,Digital Channels,"Clients, Products & Business Practices",Low,Process Gap,Pass,2025-12-03,2026-03-03,,True,False
ISS-0456,Payments Ops,Business Disruption & System Failures,High,System Failure,Pass,2025-04-19,2025-05-19,2025-05-25,True,False
ISS-0457,Digital Channels,"Clients, Products & Business Practices",High,Third-Party / Vendor,Pass,2025-01-02,2025-02-01,2025-01-31,False,False
ISS-0458,Payments Ops,"Clients, Products & Business Practices",Low,System Failure,Pass,2025-12-04,2026-03-04,,True,False
ISS-0459,Retail Banking,"Execution, Delivery & Process Management",Medium,System Failure,Pass,2025-07-20,2025-09-18,2025-08-31,False,False
ISS-0460,Merchant Services,"Execution, Delivery & Process Management",Low,Documentation Gap,Pass,2025-02-13,2025-05-14,,True,False
ISS-0461,Payments Ops,"Execution, Delivery & Process Management",High,Human Error,Fail,2025-03-13,2025-04-12,2025-04-13,True,False
ISS-0462,Merchant Services,"Clients, Products & Business Practices",Medium,Process Gap,Pass,2025-09-30,2025-11-29,2025-12-23,True,False
ISS-0463,Digital Channels,Internal Fraud,Medium,System Failure,Pass,2026-05-14,2026-07-13,2026-06-30,False,False
ISS-0464,Digital Channels,"Execution, Delivery & Process Management",Medium,Process Gap,Pass,2025-03-04,2025-05-03,,True,False
ISS-0465,Merchant Services,"Clients, Products & Business Practices",Low,Process Gap,Pass,2025-04-29,2025-07-28,2025-04-30,False,False
ISS-0466,Corporate Functions,"Execution, Delivery & Process Management",Medium,Human Error,Pass,2025-08-16,2025-10-15,2025-10-11,False,False
ISS-0467,Corporate Functions,"Execution, Delivery & Process Management",Medium,Process Gap,Pass,2025-07-29,2025-09-27,2025-09-29,True,False
ISS-0468,Corporate Functions,Business Disruption & System Failures,Medium,Process Gap,Fail,2025-07-03,2025-09-01,2025-08-26,False,False
ISS-0469,Retail Banking,Damage to Physical Assets,Medium,System Failure,Fail,2026-05-25,2026-07-24,,False,False
ISS-0470,Corporate Functions,"Clients, Products & Business Practices",Medium,Process Gap,Fail,2025-07-14,2025-09-12,2025-09-23,True,False
ISS-0471,Cards,Business Disruption & System Failures,Low,Third-Party / Vendor,Pass,2025-03-28,2025-06-26,2025-05-02,False,False
ISS-0472,Retail Banking,Business Disruption & System Failures,Low,Documentation Gap,Pass,2026-03-09,2026-06-07,2026-05-26,False,False
ISS-0473,Retail Banking,"Clients, Products & Business Practices",Low,Process Gap,Pass,2025-01-25,2025-04-25,,True,False
ISS-0474,Retail Banking,Business Disruption & System Failures,Low,System Failure,Pass,2025-04-01,2025-06-30,2025-04-29,False,False
ISS-0475,Digital Channels,"Clients, Products & Business Practices",Low,Third-Party / Vendor,Pass,2025-12-11,2026-03-11,2026-02-22,False,False
ISS-0476,Digital Channels,"Execution, Delivery & Process Management",High,System Failure,Fail,2025-07-16,2025-08-15,,True,False
ISS-0477,Payments Ops,External Fraud,High,Human Error,Fail,2026-03-21,2026-04-20,2026-04-12,False,False
ISS-0478,Payments Ops,External Fraud,High,Third-Party / Vendor,Fail,2025-09-04,2025-10-04,,True,False
ISS-0479,Retail Banking,Business Disruption & System Failures,Medium,Documentation Gap,Pass,2025-07-10,2025-09-08,2025-09-09,True,False
ISS-0480,Retail Banking,Employment Practices & Workplace Safety,Low,Process Gap,Fail,2025-06-15,2025-09-13,2025-09-21,True,False
ISS-0481,Payments Ops,Employment Practices & Workplace Safety,Medium,System Failure,Pass,2026-05-24,2026-07-23,2026-05-27,False,False
ISS-0482,Corporate Functions,"Execution, Delivery & Process Management",Low,Human Error,Pass,2025-01-26,2025-04-26,2025-04-01,False,False
ISS-0483,Cards,"Execution, Delivery & Process Management",Low,Human Error,Pass,2025-09-06,2025-12-05,2025-11-20,False,True
ISS-0484,Retail Banking,"Clients, Products & Business Practices",Low,Human Error,Fail,2025-05-02,2025-07-31,2025-06-23,False,False
ISS-0485,Digital Channels,"Clients, Products & Business Practices",Medium,Process Gap,Fail,2025-06-13,2025-08-12,2025-09-06,True,False
ISS-0486,Retail Banking,Business Disruption & System Failures,Medium,Process Gap,Pass,2025-07-09,2025-09-07,,True,False
ISS-0487,Cards,Business Disruption & System Failures,Low,Process Gap,Pass,2025-06-20,2025-09-18,2025-10-31,True,False
ISS-0488,Cards,Employment Practices & Workplace Safety,High,System Failure,Fail,2025-05-05,2025-06-04,2025-06-20,True,False
ISS-0489,Payments Ops,"Clients, Products & Business Practices",Medium,Human Error,Pass,2025-06-22,2025-08-21,2025-07-30,False,False
ISS-0490,Retail Banking,Internal Fraud,Medium,Process Gap,Pass,2025-01-06,2025-03-07,2025-02-27,False,False
ISS-0491,Payments Ops,"Execution, Delivery & Process Management",Medium,System Failure,Fail,2025-04-16,2025-06-15,,True,False
ISS-0492,Corporate Functions,Damage to Physical Assets,Medium,Human Error,Pass,2026-05-19,2026-07-18,2026-06-30,False,False
ISS-0493,Corporate Functions,Business Disruption & System Failures,Low,Process Gap,Pass,2026-05-30,2026-08-28,2026-06-30,False,False
ISS-0494,Payments Ops,"Execution, Delivery & Process Management",Medium,Process Gap,Pass,2025-03-10,2025-05-09,2025-03-27,False,False
ISS-0495,Payments Ops,Business Disruption & System Failures,Medium,Process Gap,Pass,2025-01-25,2025-03-26,2025-04-14,True,False
ISS-0496,Cards,External Fraud,High,Process Gap,Fail,2025-04-09,2025-05-09,2025-05-20,True,False
ISS-0497,Digital Channels,Internal Fraud,Medium,Process Gap,Fail,2025-09-15,2025-11-14,2025-10-22,False,False
ISS-0498,Retail Banking,"Clients, Products & Business Practices",Medium,Process Gap,Pass,2025-09-19,2025-11-18,2025-11-09,False,False
ISS-0499,Cards,"Execution, Delivery & Process Management",Low,System Failure,Pass,2026-04-19,2026-07-18,2026-05-28,False,False
ISS-0500,Corporate Functions,Business Disruption & System Failures,Medium,Process Gap,Pass,2025-01-17,2025-03-18,2025-04-06,True,False
ISS-0501,Cards,"Execution, Delivery & Process Management",High,Process Gap,Fail,2025-06-24,2025-07-24,2025-06-25,False,False
ISS-0502,Cards,Business Disruption & System Failures,Medium,Process Gap,Pass,2025-03-05,2025-05-04,2025-04-17,False,False
ISS-0503,Corporate Functions,Business Disruption & System Failures,Low,System Failure,Pass,2025-08-12,2025-11-10,2026-01-03,True,False
ISS-0504,Retail Banking,"Clients, Products & Business Practices",Medium,Third-Party / Vendor,Pass,2025-04-26,2025-06-25,2025-05-26,False,False
ISS-0505,Digital Channels,"Clients, Products & Business Practices",Low,System Failure,Fail,2025-10-05,2026-01-03,2025-12-09,False,False
ISS-0506,Corporate Functions,"Execution, Delivery & Process Management",Low,Documentation Gap,Pass,2026-01-19,2026-04-19,2026-04-01,False,False
ISS-0507,Payments Ops,"Clients, Products & Business Practices",Low,Third-Party / Vendor,Pass,2025-05-18,2025-08-16,2025-09-04,True,False
ISS-0508,Digital Channels,"Execution, Delivery & Process Management",Low,Human Error,Pass,2025-12-07,2026-03-07,2025-12-11,False,False
ISS-0509,Retail Banking,External Fraud,High,Third-Party / Vendor,Pass,2025-11-17,2025-12-17,2025-12-22,True,False
ISS-0510,Merchant Services,Business Disruption & System Failures,High,Process Gap,Fail,2025-11-27,2025-12-27,2026-01-01,True,False
ISS-0511,Cards,"Clients, Products & Business Practices",Medium,Human Error,Pass,2025-11-12,2026-01-11,,True,False
ISS-0512,Cards,"Execution, Delivery & Process Management",High,System Failure,Pass,2025-12-27,2026-01-26,2026-02-02,True,False
ISS-0513,Retail Banking,"Execution, Delivery & Process Management",Low,Process Gap,Pass,2025-06-09,2025-09-07,2025-07-08,False,False
ISS-0514,Corporate Functions,"Execution, Delivery & Process Management",Medium,Process Gap,Fail,2025-02-08,2025-04-09,2025-05-11,True,False
ISS-0515,Retail Banking,"Execution, Delivery & Process Management",Low,Documentation Gap,Fail,2026-06-08,2026-09-06,2026-06-09,False,False
ISS-0516,Retail Banking,"Execution, Delivery & Process Management",Medium,Human Error,Pass,2025-05-08,2025-07-07,2025-07-04,False,False
ISS-0517,Corporate Functions,External Fraud,Low,Documentation Gap,Pass,2025-04-06,2025-07-05,2025-06-20,False,False
ISS-0518,Merchant Services,Internal Fraud,Medium,Process Gap,Fail,2026-03-28,2026-05-27,2026-05-16,False,False
ISS-0519,Retail Banking,"Clients, Products & Business Practices",Low,Third-Party / Vendor,Fail,2026-06-11,2026-09-09,,False,True
ISS-0520,Digital Channels,Internal Fraud,Low,Process Gap,Pass,2025-07-25,2025-10-23,,True,False
ISS-0521,Retail Banking,External Fraud,Medium,Process Gap,Fail,2025-09-08,2025-11-07,2025-10-03,False,False
ISS-0522,Digital Channels,Business Disruption & System Failures,Low,System Failure,Pass,2026-05-23,2026-08-21,2026-06-30,False,False
ISS-0523,Retail Banking,"Execution, Delivery & Process Management",Low,Documentation Gap,Pass,2025-02-23,2025-05-24,2025-02-24,False,False
ISS-0524,Corporate Functions,"Clients, Products & Business Practices",Low,System Failure,Pass,2025-11-22,2026-02-20,2026-01-02,False,False
ISS-0525,Merchant Services,"Clients, Products & Business Practices",High,Human Error,Fail,2025-08-31,2025-09-30,2025-10-16,True,False
ISS-0526,Merchant Services,"Clients, Products & Business Practices",Medium,Process Gap,Fail,2025-02-21,2025-04-22,2025-03-29,False,False
ISS-0527,Cards,Business Disruption & System Failures,Medium,Process Gap,Fail,2025-03-18,2025-05-17,2025-05-30,True,False
ISS-0528,Retail Banking,"Execution, Delivery & Process Management",High,Human Error,Fail,2025-02-11,2025-03-13,2025-03-09,False,False
ISS-0529,Merchant Services,"Execution, Delivery & Process Management",Medium,Human Error,Pass,2025-08-20,2025-10-19,2025-09-27,False,False
ISS-0530,Retail Banking,Employment Practices & Workplace Safety,High,Documentation Gap,Pass,2026-02-25,2026-03-27,,True,False
ISS-0531,Cards,"Execution, Delivery & Process Management",Low,Human Error,Pass,2025-09-17,2025-12-16,2025-11-25,False,False
ISS-0532,Cards,Internal Fraud,Medium,Process Gap,Pass,2026-01-02,2026-03-03,2026-04-08,True,False
ISS-0533,Digital Channels,Business Disruption & System Failures,High,Process Gap,Fail,2025-12-14,2026-01-13,2025-12-15,False,False
ISS-0534,Cards,"Execution, Delivery & Process Management",Low,System Failure,Pass,2025-06-30,2025-09-28,2025-08-22,False,False
ISS-0535,Merchant Services,"Execution, Delivery & Process Management",Low,Documentation Gap,Pass,2025-06-18,2025-09-16,2025-09-14,False,False
ISS-0536,Retail Banking,Employment Practices & Workplace Safety,Medium,Process Gap,Pass,2026-05-31,2026-07-30,2026-06-07,False,False
ISS-0537,Retail Banking,"Execution, Delivery & Process Management",Medium,Human Error,Pass,2025-10-18,2025-12-17,,True,False
ISS-0538,Cards,"Execution, Delivery & Process Management",Medium,Human Error,Pass,2026-01-12,2026-03-13,2026-02-14,False,False
ISS-0539,Retail Banking,Business Disruption & System Failures,Medium,Process Gap,Pass,2025-02-08,2025-04-09,2025-03-22,False,False
ISS-0540,Retail Banking,"Execution, Delivery & Process Management",Low,Documentation Gap,Pass,2025-03-31,2025-06-29,2025-07-12,True,False
ISS-0541,Retail Banking,Business Disruption & System Failures,Medium,Human Error,Pass,2025-02-02,2025-04-03,,True,False
ISS-0542,Digital Channels,"Clients, Products & Business Practices",Medium,Third-Party / Vendor,Fail,2026-06-25,2026-08-24,2026-06-30,False,False
ISS-0543,Retail Banking,Business Disruption & System Failures,Low,System Failure,Fail,2025-09-16,2025-12-15,2026-02-09,True,False
ISS-0544,Corporate Functions,Employment Practices & Workplace Safety,Medium,System Failure,Fail,2025-07-15,2025-09-13,2025-08-30,False,False
ISS-0545,Digital Channels,Business Disruption & System Failures,Low,Human Error,Pass,2025-07-04,2025-10-02,,True,False
ISS-0546,Cards,Employment Practices & Workplace Safety,Medium,System Failure,Fail,2026-03-09,2026-05-08,2026-06-08,True,False
ISS-0547,Payments Ops,"Execution, Delivery & Process Management",Low,Process Gap,Pass,2026-01-22,2026-04-22,2026-05-05,True,False
ISS-0548,Retail Banking,Business Disruption & System Failures,High,System Failure,Fail,2025-05-27,2025-06-26,2025-06-11,False,False
ISS-0549,Payments Ops,"Execution, Delivery & Process Management",High,Human Error,Fail,2025-07-14,2025-08-13,2025-08-01,False,False
ISS-0550,Payments Ops,Internal Fraud,High,Process Gap,Fail,2026-03-01,2026-03-31,2026-03-02,False,False
ISS-0551,Cards,"Clients, Products & Business Practices",Medium,System Failure,Pass,2025-12-11,2026-02-09,,True,False
ISS-0552,Retail Banking,Business Disruption & System Failures,Medium,System Failure,Pass,2026-03-03,2026-05-02,,True,False
ISS-0553,Corporate Functions,"Execution, Delivery & Process Management",Medium,Human Error,Fail,2025-04-02,2025-06-01,2025-07-01,True,False
ISS-0554,Cards,Business Disruption & System Failures,Medium,Process Gap,Pass,2025-09-06,2025-11-05,,True,False
ISS-0555,Corporate Functions,"Clients, Products & Business Practices",Low,System Failure,Pass,2025-09-26,2025-12-25,,True,False
ISS-0556,Retail Banking,"Clients, Products & Business Practices",Medium,Human Error,Fail,2025-06-24,2025-08-23,2025-08-12,False,False
ISS-0557,Cards,External Fraud,Low,Process Gap,Pass,2026-01-09,2026-04-09,2026-03-16,False,False
ISS-0558,Payments Ops,"Clients, Products & Business Practices",Low,Human Error,Fail,2025-10-02,2025-12-31,2025-11-29,False,False
ISS-0559,Payments Ops,Employment Practices & Workplace Safety,Low,Third-Party / Vendor,Fail,2026-02-14,2026-05-15,2026-06-30,True,False
ISS-0560,Merchant Services,Business Disruption & System Failures,Low,Human Error,Pass,2026-06-12,2026-09-10,2026-06-22,False,False
ISS-0561,Retail Banking,Business Disruption & System Failures,Medium,System Failure,Pass,2025-12-18,2026-02-16,2026-04-01,True,False
ISS-0562,Payments Ops,"Clients, Products & Business Practices",Medium,System Failure,Pass,2026-04-11,2026-06-10,,True,False
ISS-0563,Digital Channels,"Execution, Delivery & Process Management",Medium,Process Gap,Pass,2025-12-13,2026-02-11,2026-03-14,True,False
ISS-0564,Merchant Services,"Clients, Products & Business Practices",Medium,Process Gap,Fail,2026-02-05,2026-04-06,2026-04-08,True,False
ISS-0565,Retail Banking,"Execution, Delivery & Process Management",Medium,Documentation Gap,Fail,2025-03-16,2025-05-15,2025-04-14,False,False
ISS-0566,Merchant Services,Business Disruption & System Failures,Medium,System Failure,Pass,2025-06-02,2025-08-01,,True,False
ISS-0567,Digital Channels,"Clients, Products & Business Practices",Low,Human Error,Pass,2025-01-25,2025-04-25,2025-04-13,False,False
ISS-0568,Corporate Functions,"Clients, Products & Business Practices",Medium,Process Gap,Fail,2026-03-15,2026-05-14,2026-06-30,True,False
ISS-0569,Payments Ops,"Execution, Delivery & Process Management",Low,Process Gap,Pass,2025-01-10,2025-04-10,2025-02-04,False,False
ISS-0570,Retail Banking,"Execution, Delivery & Process Management",Medium,Third-Party / Vendor,Fail,2025-07-10,2025-09-08,2025-08-02,False,False
ISS-0571,Cards,"Execution, Delivery & Process Management",Medium,Human Error,Pass,2025-03-20,2025-05-19,2025-04-15,False,False
ISS-0572,Merchant Services,Internal Fraud,Low,Human Error,Pass,2025-01-08,2025-04-08,2025-03-14,False,False
ISS-0573,Retail Banking,"Execution, Delivery & Process Management",Low,Process Gap,Pass,2025-09-25,2025-12-24,2025-12-08,False,False
ISS-0574,Corporate Functions,"Execution, Delivery & Process Management",Medium,Human Error,Pass,2026-05-02,2026-07-01,,False,False
ISS-0575,Cards,Business Disruption & System Failures,Low,Process Gap,Fail,2025-07-02,2025-09-30,,True,False
ISS-0576,Merchant Services,External Fraud,Medium,Process Gap,Pass,2025-04-09,2025-06-08,2025-07-06,True,False
ISS-0577,Cards,Business Disruption & System Failures,Medium,Process Gap,Pass,2025-08-04,2025-10-03,2025-10-17,True,False
ISS-0578,Digital Channels,"Execution, Delivery & Process Management",Low,Process Gap,Pass,2026-06-03,2026-09-01,,False,False
ISS-0579,Digital Channels,Internal Fraud,Medium,Third-Party / Vendor,Fail,2026-05-15,2026-07-14,2026-06-30,False,False
ISS-0580,Digital Channels,External Fraud,Medium,Documentation Gap,Fail,2025-05-14,2025-07-13,2025-07-09,False,False
ISS-0581,Cards,Business Disruption & System Failures,Low,System Failure,Fail,2026-04-27,2026-07-26,,False,False
ISS-0582,Retail Banking,"Execution, Delivery & Process Management",Medium,Process Gap,Pass,2025-08-10,2025-10-09,2025-09-22,False,True
ISS-0583,Digital Channels,External Fraud,Low,Human Error,Fail,2025-02-04,2025-05-05,2025-05-24,True,False
ISS-0584,Retail Banking,"Execution, Delivery & Process Management",Low,System Failure,Pass,2025-06-21,2025-09-19,2025-10-01,True,False
ISS-0585,Merchant Services,Business Disruption & System Failures,Medium,System Failure,Pass,2026-03-08,2026-05-07,2026-05-27,True,False
ISS-0586,Digital Channels,"Clients, Products & Business Practices",High,Third-Party / Vendor,Pass,2025-09-10,2025-10-10,2025-10-01,False,True
ISS-0587,Retail Banking,"Clients, Products & Business Practices",Medium,System Failure,Fail,2025-01-27,2025-03-28,2025-02-28,False,False
ISS-0588,Merchant Services,"Execution, Delivery & Process Management",Medium,Documentation Gap,Fail,2026-05-03,2026-07-02,2026-06-30,False,False
ISS-0589,Cards,Business Disruption & System Failures,Medium,System Failure,Pass,2026-04-22,2026-06-21,,True,False
ISS-0590,Retail Banking,Business Disruption & System Failures,High,System Failure,Fail,2025-12-23,2026-01-22,2026-01-19,False,False
ISS-0591,Payments Ops,Business Disruption & System Failures,Medium,Third-Party / Vendor,Fail,2025-11-02,2026-01-01,2025-11-23,False,False
ISS-0592,Cards,External Fraud,Medium,System Failure,Pass,2025-11-21,2026-01-20,2025-11-22,False,False
ISS-0593,Retail Banking,Business Disruption & System Failures,Medium,System Failure,Pass,2025-09-22,2025-11-21,2025-09-27,False,False
ISS-0594,Digital Channels,External Fraud,Low,Third-Party / Vendor,Pass,2025-04-07,2025-07-06,2025-07-01,False,False
ISS-0595,Cards,"Execution, Delivery & Process Management",High,Human Error,Pass,2025-04-16,2025-05-16,,True,False
ISS-0596,Retail Banking,Damage to Physical Assets,Medium,Process Gap,Fail,2025-02-25,2025-04-26,2025-04-17,False,False
ISS-0597,Merchant Services,"Clients, Products & Business Practices",Low,Third-Party / Vendor,Pass,2025-07-01,2025-09-29,,True,True
ISS-0598,Digital Channels,Business Disruption & System Failures,Low,System Failure,Pass,2025-10-23,2026-01-21,2025-12-09,False,False
ISS-0599,Digital Channels,Employment Practices & Workplace Safety,Medium,Third-Party / Vendor,Fail,2026-04-19,2026-06-18,2026-06-29,True,False
ISS-0600,Cards,Employment Practices & Workplace Safety,High,System Failure,Fail,2026-06-20,2026-07-20,2026-06-30,False,False
ISS-0601,Retail Banking,Business Disruption & System Failures,High,Process Gap,Fail,2026-06-18,2026-07-18,2026-06-30,False,False
ISS-0602,Payments Ops,Employment Practices & Workplace Safety,Medium,Human Error,Pass,2025-10-21,2025-12-20,2026-01-04,True,False
ISS-0603,Retail Banking,External Fraud,High,Human Error,Fail,2026-04-27,2026-05-27,2026-05-30,True,False
ISS-0604,Payments Ops,"Execution, Delivery & Process Management",Low,Process Gap,Pass,2026-05-07,2026-08-05,2026-06-30,False,False
ISS-0605,Payments Ops,"Execution, Delivery & Process Management",High,Third-Party / Vendor,Fail,2025-09-30,2025-10-30,2025-10-24,False,False
ISS-0606,Cards,"Execution, Delivery & Process Management",Medium,System Failure,Pass,2025-11-23,2026-01-22,2026-01-21,False,False
ISS-0607,Merchant Services,"Execution, Delivery & Process Management",Medium,Third-Party / Vendor,Pass,2025-12-06,2026-02-04,2026-01-22,False,False
ISS-0608,Digital Channels,"Execution, Delivery & Process Management",Medium,Documentation Gap,Fail,2025-02-13,2025-04-14,2025-03-13,False,False
ISS-0609,Merchant Services,"Clients, Products & Business Practices",Low,Process Gap,Pass,2025-05-10,2025-08-08,2025-09-21,True,False
ISS-0610,Cards,"Clients, Products & Business Practices",Medium,Process Gap,Pass,2026-05-30,2026-07-29,2026-06-30,False,False
ISS-0611,Merchant Services,Internal Fraud,Low,Human Error,Pass,2026-06-02,2026-08-31,2026-06-30,False,True
ISS-0612,Digital Channels,Business Disruption & System Failures,High,Process Gap,Fail,2025-02-25,2025-03-27,2025-03-09,False,False
ISS-0613,Payments Ops,External Fraud,Low,Process Gap,Pass,2026-03-18,2026-06-16,2026-06-30,True,False
ISS-0614,Retail Banking,"Clients, Products & Business Practices",Medium,Process Gap,Pass,2026-03-03,2026-05-02,,True,False
ISS-0615,Retail Banking,Business Disruption & System Failures,Medium,Human Error,Fail,2025-05-10,2025-07-09,2025-06-03,False,False
ISS-0616,Cards,External Fraud,Medium,Process Gap,Pass,2025-04-04,2025-06-03,2025-06-05,True,True
ISS-0617,Digital Channels,Business Disruption & System Failures,Medium,Process Gap,Fail,2025-04-11,2025-06-10,2025-07-18,True,False
ISS-0618,Retail Banking,Employment Practices & Workplace Safety,High,Process Gap,Fail,2026-01-11,2026-02-10,2026-02-03,False,False
ISS-0619,Cards,External Fraud,Low,System Failure,Pass,2025-04-02,2025-07-01,2025-04-15,False,False
ISS-0620,Digital Channels,"Execution, Delivery & Process Management",Low,Human Error,Pass,2025-06-26,2025-09-24,2025-10-20,True,False
ISS-0621,Digital Channels,Damage to Physical Assets,Low,Human Error,Pass,2026-02-12,2026-05-13,2026-05-30,True,False
ISS-0622,Cards,"Execution, Delivery & Process Management",Medium,Human Error,Pass,2025-06-06,2025-08-05,2025-07-19,False,False
ISS-0623,Merchant Services,"Execution, Delivery & Process Management",High,Human Error,Fail,2025-05-01,2025-05-31,2025-06-28,True,False
ISS-0624,Retail Banking,Damage to Physical Assets,Low,Documentation Gap,Pass,2025-10-13,2026-01-11,2026-01-03,False,False
ISS-0625,Merchant Services,"Clients, Products & Business Practices",Low,System Failure,Pass,2026-04-02,2026-07-01,2026-06-30,False,False
ISS-0626,Cards,Business Disruption & System Failures,High,Human Error,Pass,2025-07-02,2025-08-01,2025-07-03,False,False
ISS-0627,Merchant Services,"Execution, Delivery & Process Management",Low,Process Gap,Pass,2025-05-03,2025-08-01,2025-08-27,True,True
ISS-0628,Cards,"Execution, Delivery & Process Management",Medium,Human Error,Fail,2025-12-23,2026-02-21,2026-02-06,False,False
ISS-0629,Payments Ops,"Execution, Delivery & Process Management",Low,System Failure,Pass,2025-04-03,2025-07-02,2025-07-07,True,False
ISS-0630,Payments Ops,External Fraud,Low,Human Error,Pass,2026-06-10,2026-09-08,2026-06-30,False,False
ISS-0631,Retail Banking,Business Disruption & System Failures,Low,Process Gap,Pass,2026-05-31,2026-08-29,,False,False
ISS-0632,Merchant Services,External Fraud,Low,Human Error,Fail,2025-01-12,2025-04-12,2025-04-27,True,False
ISS-0633,Payments Ops,"Execution, Delivery & Process Management",Low,Human Error,Pass,2025-01-02,2025-04-02,2025-04-02,False,False
ISS-0634,Retail Banking,External Fraud,Medium,Process Gap,Pass,2026-06-10,2026-08-09,2026-06-11,False,False
ISS-0635,Digital Channels,External Fraud,High,Process Gap,Pass,2025-05-15,2025-06-14,2025-06-21,True,False
ISS-0636,Digital Channels,"Execution, Delivery & Process Management",Low,Process Gap,Fail,2025-02-20,2025-05-21,2025-06-01,True,False
ISS-0637,Payments Ops,"Execution, Delivery & Process Management",Low,System Failure,Pass,2026-01-17,2026-04-17,2026-06-07,True,False
ISS-0638,Digital Channels,Business Disruption & System Failures,Low,Process Gap,Pass,2025-06-29,2025-09-27,2025-09-12,False,False
ISS-0639,Corporate Functions,Business Disruption & System Failures,Low,System Failure,Pass,2025-12-09,2026-03-09,,True,False
ISS-0640,Retail Banking,Business Disruption & System Failures,Low,Process Gap,Pass,2025-08-14,2025-11-12,2025-10-18,False,False
ISS-0641,Merchant Services,Business Disruption & System Failures,Low,Third-Party / Vendor,Pass,2025-12-09,2026-03-09,2026-04-05,True,False
ISS-0642,Corporate Functions,Damage to Physical Assets,Low,Human Error,Pass,2025-02-11,2025-05-12,2025-03-17,False,False
ISS-0643,Digital Channels,"Execution, Delivery & Process Management",Medium,Documentation Gap,Fail,2026-06-14,2026-08-13,2026-06-15,False,False
ISS-0644,Merchant Services,Business Disruption & System Failures,Medium,System Failure,Pass,2025-09-07,2025-11-06,2025-11-06,False,False
ISS-0645,Payments Ops,Employment Practices & Workplace Safety,Low,Process Gap,Pass,2025-03-29,2025-06-27,2025-07-04,True,False
ISS-0646,Retail Banking,External Fraud,Low,Process Gap,Pass,2026-04-04,2026-07-03,2026-05-16,False,False
ISS-0647,Cards,"Execution, Delivery & Process Management",Low,Third-Party / Vendor,Pass,2025-09-12,2025-12-11,2025-12-14,True,False
ISS-0648,Retail Banking,Business Disruption & System Failures,Medium,Human Error,Pass,2025-08-09,2025-10-08,2025-09-21,False,False
ISS-0649,Digital Channels,"Execution, Delivery & Process Management",Low,System Failure,Pass,2025-12-02,2026-03-02,2025-12-18,False,False
ISS-0650,Cards,"Execution, Delivery & Process Management",Medium,System Failure,Fail,2026-06-05,2026-08-04,2026-06-30,False,False
ISS-0651,Digital Channels,"Execution, Delivery & Process Management",Low,Human Error,Pass,2026-01-03,2026-04-03,2026-04-24,True,False
ISS-0652,Retail Banking,Business Disruption & System Failures,Low,Process Gap,Pass,2025-04-11,2025-07-10,2025-07-25,True,False
ISS-0653,Merchant Services,"Execution, Delivery & Process Management",Medium,Process Gap,Fail,2025-01-04,2025-03-05,2025-02-11,False,False
ISS-0654,Retail Banking,"Execution, Delivery & Process Management",Medium,Process Gap,Pass,2026-06-05,2026-08-04,2026-06-30,False,False
ISS-0655,Digital Channels,Business Disruption & System Failures,Low,System Failure,Pass,2025-12-02,2026-03-02,,True,False
ISS-0656,Cards,Business Disruption & System Failures,Medium,System Failure,Pass,2025-06-19,2025-08-18,2025-07-13,False,False
ISS-0657,Retail Banking,"Execution, Delivery & Process Management",Low,Process Gap,Pass,2025-07-18,2025-10-16,2025-10-08,False,False
ISS-0658,Digital Channels,"Execution, Delivery & Process Management",Medium,Third-Party / Vendor,Pass,2026-04-19,2026-06-18,2026-06-30,True,False
ISS-0659,Digital Channels,Employment Practices & Workplace Safety,Medium,System Failure,Pass,2026-02-24,2026-04-25,2026-05-10,True,False
ISS-0660,Corporate Functions,Business Disruption & System Failures,High,Process Gap,Pass,2025-02-13,2025-03-15,2025-03-17,True,False
ISS-0661,Digital Channels,Business Disruption & System Failures,High,Documentation Gap,Fail,2025-05-25,2025-06-24,2025-06-15,False,False
ISS-0662,Retail Banking,"Execution, Delivery & Process Management",Medium,Third-Party / Vendor,Pass,2025-01-07,2025-03-08,,True,False
ISS-0663,Retail Banking,Business Disruption & System Failures,Low,Process Gap,Pass,2025-10-24,2026-01-22,,True,False
ISS-0664,Digital Channels,Business Disruption & System Failures,Low,Documentation Gap,Fail,2026-01-27,2026-04-27,,True,False
ISS-0665,Corporate Functions,"Clients, Products & Business Practices",Low,Process Gap,Fail,2025-02-27,2025-05-28,,True,False
ISS-0666,Payments Ops,"Clients, Products & Business Practices",Medium,Process Gap,Pass,2026-03-22,2026-05-21,2026-06-05,True,False
ISS-0667,Payments Ops,Business Disruption & System Failures,Medium,Third-Party / Vendor,Pass,2025-08-07,2025-10-06,2025-08-08,False,True
ISS-0668,Cards,Internal Fraud,High,Human Error,Fail,2025-01-19,2025-02-18,2025-02-22,True,False
ISS-0669,Corporate Functions,"Execution, Delivery & Process Management",Medium,Process Gap,Fail,2025-08-25,2025-10-24,2025-09-24,False,False
ISS-0670,Retail Banking,"Execution, Delivery & Process Management",Low,Documentation Gap,Pass,2026-05-12,2026-08-10,2026-06-16,False,False
ISS-0671,Retail Banking,External Fraud,Low,Process Gap,Fail,2025-02-11,2025-05-12,2025-07-20,True,False
ISS-0672,Digital Channels,"Execution, Delivery & Process Management",Low,Documentation Gap,Pass,2026-02-28,2026-05-29,,True,False
ISS-0673,Corporate Functions,Employment Practices & Workplace Safety,Medium,Human Error,Fail,2025-11-03,2026-01-02,,True,False
ISS-0674,Cards,"Execution, Delivery & Process Management",Low,Process Gap,Pass,2025-10-06,2026-01-04,2026-01-09,True,False
ISS-0675,Cards,Business Disruption & System Failures,Low,System Failure,Pass,2025-07-30,2025-10-28,2025-09-12,False,False
ISS-0676,Digital Channels,"Execution, Delivery & Process Management",High,Process Gap,Fail,2025-05-26,2025-06-25,2025-06-29,True,False
ISS-0677,Retail Banking,"Clients, Products & Business Practices",Low,Third-Party / Vendor,Pass,2026-04-24,2026-07-23,2026-06-13,False,False
ISS-0678,Payments Ops,Business Disruption & System Failures,Low,Process Gap,Pass,2026-01-24,2026-04-24,2026-04-05,False,False
ISS-0679,Merchant Services,Employment Practices & Workplace Safety,Medium,Third-Party / Vendor,Fail,2025-05-30,2025-07-29,2025-07-14,False,False
ISS-0680,Retail Banking,Employment Practices & Workplace Safety,High,Human Error,Fail,2025-05-13,2025-06-12,2025-06-03,False,False
ISS-0681,Retail Banking,External Fraud,Medium,Third-Party / Vendor,Pass,2025-04-18,2025-06-17,2025-07-02,True,False
ISS-0682,Merchant Services,"Clients, Products & Business Practices",High,Human Error,Fail,2026-05-01,2026-05-31,2026-05-13,False,False
ISS-0683,Cards,Business Disruption & System Failures,Low,Third-Party / Vendor,Pass,2026-02-20,2026-05-21,2026-06-29,True,False
ISS-0684,Payments Ops,"Execution, Delivery & Process Management",Medium,Process Gap,Fail,2025-11-21,2026-01-20,2025-12-03,False,False
ISS-0685,Retail Banking,Business Disruption & System Failures,High,Third-Party / Vendor,Pass,2026-04-28,2026-05-28,2026-05-09,False,False
ISS-0686,Payments Ops,External Fraud,Low,Third-Party / Vendor,Pass,2026-02-24,2026-05-25,2026-04-09,False,False
ISS-0687,Retail Banking,"Clients, Products & Business Practices",High,System Failure,Fail,2025-06-20,2025-07-20,2025-07-02,False,False
ISS-0688,Digital Channels,External Fraud,Low,Documentation Gap,Pass,2025-01-13,2025-04-13,2025-03-28,False,False
ISS-0689,Merchant Services,"Clients, Products & Business Practices",Low,Process Gap,Pass,2025-12-02,2026-03-02,2026-05-04,True,False
ISS-0690,Retail Banking,Business Disruption & System Failures,Low,System Failure,Fail,2025-08-25,2025-11-23,2025-11-19,False,False
ISS-0691,Cards,"Execution, Delivery & Process Management",Medium,System Failure,Fail,2026-01-31,2026-04-01,,True,False
ISS-0692,Corporate Functions,Employment Practices & Workplace Safety,Low,Process Gap,Pass,2025-08-02,2025-10-31,2025-09-30,False,False
ISS-0693,Payments Ops,External Fraud,Medium,Third-Party / Vendor,Fail,2025-06-15,2025-08-14,,True,False
ISS-0694,Digital Channels,Business Disruption & System Failures,Medium,Process Gap,Pass,2025-10-27,2025-12-26,2025-12-18,False,False
ISS-0695,Retail Banking,"Execution, Delivery & Process Management",High,Third-Party / Vendor,Fail,2026-04-09,2026-05-09,,True,False
ISS-0696,Merchant Services,Employment Practices & Workplace Safety,Low,Human Error,Fail,2025-11-10,2026-02-08,2026-01-18,False,False
ISS-0697,Digital Channels,"Execution, Delivery & Process Management",Medium,Third-Party / Vendor,Pass,2025-08-12,2025-10-11,2025-08-26,False,False
ISS-0698,Retail Banking,External Fraud,Medium,Human Error,Pass,2025-01-03,2025-03-04,2025-04-11,True,False
ISS-0699,Corporate Functions,"Execution, Delivery & Process Management",Medium,System Failure,Pass,2025-03-07,2025-05-06,,True,False
ISS-0700,Digital Channels,"Clients, Products & Business Practices",Low,Process Gap,Pass,2025-10-08,2026-01-06,2026-02-10,True,False
ISS-0701,Payments Ops,"Execution, Delivery & Process Management",High,Process Gap,Pass,2025-09-15,2025-10-15,2025-10-02,False,False
ISS-0702,Corporate Functions,"Execution, Delivery & Process Management",Low,Documentation Gap,Pass,2025-08-06,2025-11-04,2025-08-25,False,False
ISS-0703,Merchant Services,External Fraud,Medium,System Failure,Fail,2025-05-03,2025-07-02,,True,False
ISS-0704,Retail Banking,"Execution, Delivery & Process Management",Low,Documentation Gap,Pass,2025-05-29,2025-08-27,2025-08-18,False,False
ISS-0705,Payments Ops,"Execution, Delivery & Process Management",Low,System Failure,Pass,2025-07-18,2025-10-16,2025-12-16,True,False
ISS-0706,Retail Banking,Internal Fraud,Low,Third-Party / Vendor,Fail,2025-02-27,2025-05-28,2025-06-06,True,False
ISS-0707,Payments Ops,"Clients, Products & Business Practices",Low,Human Error,Pass,2025-12-31,2026-03-31,2026-06-20,True,False
ISS-0708,Retail Banking,"Clients, Products & Business Practices",Low,Process Gap,Fail,2025-06-08,2025-09-06,2025-07-12,False,False
ISS-0709,Payments Ops,"Execution, Delivery & Process Management",High,Human Error,Pass,2025-08-08,2025-09-07,2025-08-17,False,False
ISS-0710,Merchant Services,Employment Practices & Workplace Safety,Low,Process Gap,Pass,2026-06-21,2026-09-19,2026-06-30,False,False
ISS-0711,Payments Ops,Business Disruption & System Failures,Medium,Human Error,Pass,2026-05-21,2026-07-20,2026-06-30,False,False
ISS-0712,Digital Channels,"Clients, Products & Business Practices",Medium,Documentation Gap,Fail,2025-07-28,2025-09-26,2025-10-07,True,False
ISS-0713,Digital Channels,"Execution, Delivery & Process Management",Low,Process Gap,Pass,2026-06-20,2026-09-18,2026-06-30,False,False
ISS-0714,Digital Channels,Business Disruption & System Failures,Low,Process Gap,Pass,2025-07-26,2025-10-24,,True,False
ISS-0715,Merchant Services,"Clients, Products & Business Practices",Low,System Failure,Pass,2026-04-28,2026-07-27,,False,False
ISS-0716,Retail Banking,Damage to Physical Assets,Low,Process Gap,Pass,2025-02-08,2025-05-09,2025-05-20,True,False
ISS-0717,Retail Banking,"Clients, Products & Business Practices",Low,Process Gap,Pass,2026-05-13,2026-08-11,2026-06-30,False,False
ISS-0718,Retail Banking,Business Disruption & System Failures,Medium,Process Gap,Pass,2025-02-05,2025-04-06,,True,False
ISS-0719,Retail Banking,Business Disruption & System Failures,Low,Process Gap,Fail,2025-04-19,2025-07-18,2025-09-01,True,False
ISS-0720,Payments Ops,"Clients, Products & Business Practices",Low,Human Error,Pass,2025-12-02,2026-03-02,2025-12-31,False,False
ISS-0721,Retail Banking,Business Disruption & System Failures,Medium,Process Gap,Fail,2025-02-28,2025-04-29,2025-04-10,False,False
ISS-0722,Digital Channels,"Execution, Delivery & Process Management",Medium,Third-Party / Vendor,Pass,2026-01-23,2026-03-24,2026-03-08,False,False
ISS-0723,Payments Ops,Business Disruption & System Failures,Medium,Third-Party / Vendor,Pass,2025-03-15,2025-05-14,2025-04-25,False,False
ISS-0724,Digital Channels,"Execution, Delivery & Process Management",High,Process Gap,Fail,2026-01-25,2026-02-24,2026-03-23,True,False
ISS-0725,Retail Banking,Business Disruption & System Failures,Low,Process Gap,Pass,2025-03-16,2025-06-14,2025-08-09,True,False
ISS-0726,Retail Banking,"Execution, Delivery & Process Management",Low,Process Gap,Pass,2025-11-09,2026-02-07,2025-11-24,False,False
ISS-0727,Cards,"Clients, Products & Business Practices",Low,Documentation Gap,Pass,2025-08-24,2025-11-22,2025-11-15,False,False
ISS-0728,Payments Ops,"Execution, Delivery & Process Management",Low,Process Gap,Pass,2026-01-21,2026-04-21,2026-04-06,False,False
ISS-0729,Merchant Services,Business Disruption & System Failures,Medium,Documentation Gap,Pass,2026-01-28,2026-03-29,,True,False
ISS-0730,Retail Banking,"Clients, Products & Business Practices",Low,Third-Party / Vendor,Pass,2025-02-27,2025-05-28,,True,False
ISS-0731,Merchant Services,Damage to Physical Assets,Medium,Human Error,Pass,2026-03-30,2026-05-29,2026-06-18,True,False
ISS-0732,Cards,Business Disruption & System Failures,Low,Third-Party / Vendor,Pass,2026-06-07,2026-09-05,2026-06-30,False,False
ISS-0733,Cards,"Execution, Delivery & Process Management",High,Process Gap,Pass,2026-05-06,2026-06-05,2026-06-02,False,False
ISS-0734,Retail Banking,Internal Fraud,Low,Third-Party / Vendor,Pass,2025-11-24,2026-02-22,2025-11-25,False,False
ISS-0735,Corporate Functions,"Clients, Products & Business Practices",Medium,System Failure,Fail,2026-02-17,2026-04-18,2026-03-30,False,False
ISS-0736,Merchant Services,"Execution, Delivery & Process Management",Low,Human Error,Pass,2025-04-16,2025-07-15,2025-09-13,True,False
ISS-0737,Digital Channels,Business Disruption & System Failures,Medium,Third-Party / Vendor,Pass,2025-01-18,2025-03-19,2025-02-01,False,False
ISS-0738,Corporate Functions,Business Disruption & System Failures,Medium,Human Error,Pass,2025-02-19,2025-04-20,2025-05-19,True,False
ISS-0739,Merchant Services,"Clients, Products & Business Practices",Medium,Process Gap,Pass,2025-07-05,2025-09-03,2025-09-06,True,False
ISS-0740,Payments Ops,"Clients, Products & Business Practices",Medium,Process Gap,Pass,2025-08-21,2025-10-20,2025-10-10,False,False
ISS-0741,Cards,"Execution, Delivery & Process Management",Medium,Third-Party / Vendor,Pass,2025-07-05,2025-09-03,2025-08-04,False,False
ISS-0742,Corporate Functions,"Clients, Products & Business Practices",Medium,Human Error,Fail,2025-11-25,2026-01-24,,True,False
ISS-0743,Merchant Services,"Execution, Delivery & Process Management",Low,Third-Party / Vendor,Pass,2025-01-29,2025-04-29,2025-04-21,False,False
ISS-0744,Retail Banking,"Execution, Delivery & Process Management",Medium,Documentation Gap,Pass,2025-12-22,2026-02-20,2026-02-26,True,False
ISS-0745,Merchant Services,"Execution, Delivery & Process Management",Medium,Documentation Gap,Pass,2025-07-11,2025-09-09,2025-09-13,True,False
ISS-0746,Cards,"Execution, Delivery & Process Management",Low,Third-Party / Vendor,Pass,2026-06-25,2026-09-23,2026-06-30,False,False
ISS-0747,Retail Banking,"Clients, Products & Business Practices",Medium,System Failure,Pass,2026-02-09,2026-04-10,2026-05-08,True,False
ISS-0748,Retail Banking,Business Disruption & System Failures,High,Process Gap,Pass,2026-01-14,2026-02-13,,True,False
ISS-0749,Corporate Functions,Employment Practices & Workplace Safety,Low,Process Gap,Pass,2025-06-07,2025-09-05,,True,False
ISS-0750,Corporate Functions,"Execution, Delivery & Process Management",Medium,System Failure,Pass,2026-02-27,2026-04-28,2026-04-23,False,False
ISS-0751,Corporate Functions,"Clients, Products & Business Practices",Low,Process Gap,Pass,2025-01-20,2025-04-20,2025-03-30,False,False
ISS-0752,Retail Banking,"Clients, Products & Business Practices",Medium,Third-Party / Vendor,Pass,2025-11-19,2026-01-18,2026-01-15,False,False
ISS-0753,Merchant Services,"Execution, Delivery & Process Management",Low,System Failure,Fail,2025-07-24,2025-10-22,,True,False
ISS-0754,Retail Banking,"Clients, Products & Business Practices",Low,Process Gap,Pass,2025-06-10,2025-09-08,,True,False
ISS-0755,Payments Ops,Business Disruption & System Failures,High,System Failure,Pass,2025-09-13,2025-10-13,,True,False
ISS-0756,Cards,Employment Practices & Workplace Safety,High,Human Error,Fail,2026-05-22,2026-06-21,2026-06-16,False,False
ISS-0757,Merchant Services,"Execution, Delivery & Process Management",Medium,System Failure,Pass,2025-11-01,2025-12-31,2025-12-10,False,False
ISS-0758,Cards,Business Disruption & System Failures,High,System Failure,Pass,2025-03-20,2025-04-19,2025-04-14,False,False
ISS-0759,Digital Channels,Internal Fraud,Medium,Documentation Gap,Pass,2025-06-07,2025-08-06,2025-06-08,False,False
ISS-0760,Payments Ops,Employment Practices & Workplace Safety,Low,System Failure,Pass,2025-01-17,2025-04-17,2025-03-05,False,False
ISS-0761,Corporate Functions,"Clients, Products & Business Practices",Medium,Human Error,Pass,2025-12-10,2026-02-08,2026-01-09,False,False
ISS-0762,Payments Ops,"Execution, Delivery & Process Management",High,System Failure,Fail,2026-02-28,2026-03-30,,True,False
ISS-0763,Cards,"Clients, Products & Business Practices",Medium,Process Gap,Fail,2025-05-14,2025-07-13,2025-06-22,False,False
ISS-0764,Digital Channels,"Execution, Delivery & Process Management",Low,Process Gap,Pass,2025-04-13,2025-07-12,2025-05-07,False,False
ISS-0765,Digital Channels,"Execution, Delivery & Process Management",Low,Process Gap,Pass,2026-06-27,2026-09-25,2026-06-30,False,False
ISS-0766,Corporate Functions,"Execution, Delivery & Process Management",Medium,System Failure,Fail,2026-05-11,2026-07-10,,False,False
ISS-0767,Payments Ops,External Fraud,Medium,Process Gap,Fail,2025-02-06,2025-04-07,2025-04-24,True,False
ISS-0768,Retail Banking,"Execution, Delivery & Process Management",High,Documentation Gap,Pass,2026-05-11,2026-06-10,2026-05-21,False,False
ISS-0769,Merchant Services,"Execution, Delivery & Process Management",Medium,Human Error,Fail,2026-06-25,2026-08-24,2026-06-30,False,False
ISS-0770,Corporate Functions,"Clients, Products & Business Practices",Low,System Failure,Pass,2025-05-03,2025-08-01,2025-06-17,False,False
ISS-0771,Retail Banking,External Fraud,High,Process Gap,Fail,2026-04-28,2026-05-28,,True,False
ISS-0772,Merchant Services,"Execution, Delivery & Process Management",Low,System Failure,Pass,2025-01-21,2025-04-21,2025-05-15,True,False
ISS-0773,Retail Banking,External Fraud,Low,Process Gap,Pass,2026-01-06,2026-04-06,2026-03-27,False,False
ISS-0774,Merchant Services,"Execution, Delivery & Process Management",Medium,Process Gap,Pass,2025-04-05,2025-06-04,2025-08-07,True,False
ISS-0775,Retail Banking,"Execution, Delivery & Process Management",Medium,Human Error,Fail,2025-08-10,2025-10-09,2025-11-02,True,False
ISS-0776,Retail Banking,External Fraud,Low,Process Gap,Fail,2025-08-17,2025-11-15,,True,False
ISS-0777,Retail Banking,Damage to Physical Assets,High,Human Error,Fail,2025-10-01,2025-10-31,2025-10-17,False,False
ISS-0778,Corporate Functions,"Clients, Products & Business Practices",High,Documentation Gap,Fail,2025-07-25,2025-08-24,2025-09-11,True,True
ISS-0779,Retail Banking,Business Disruption & System Failures,High,System Failure,Fail,2025-09-18,2025-10-18,,True,False
ISS-0780,Cards,Business Disruption & System Failures,Medium,Process Gap,Pass,2025-01-07,2025-03-08,2025-02-16,False,False
ISS-0781,Retail Banking,"Clients, Products & Business Practices",High,Documentation Gap,Pass,2025-04-22,2025-05-22,2025-05-03,False,False
ISS-0782,Payments Ops,"Execution, Delivery & Process Management",Medium,System Failure,Pass,2025-08-28,2025-10-27,2025-09-01,False,False
ISS-0783,Merchant Services,"Execution, Delivery & Process Management",Medium,Human Error,Pass,2025-04-25,2025-06-24,2025-05-12,False,False
ISS-0784,Retail Banking,External Fraud,Low,Process Gap,Pass,2025-04-29,2025-07-28,2025-06-18,False,False
ISS-0785,Cards,"Execution, Delivery & Process Management",Low,Human Error,Pass,2026-01-29,2026-04-29,2026-04-06,False,False
ISS-0786,Payments Ops,"Execution, Delivery & Process Management",Medium,Documentation Gap,Fail,2025-08-09,2025-10-08,2025-11-03,True,False
ISS-0787,Payments Ops,Employment Practices & Workplace Safety,Low,Third-Party / Vendor,Pass,2025-01-06,2025-04-06,2025-05-17,True,False
ISS-0788,Digital Channels,"Clients, Products & Business Practices",Low,Human Error,Pass,2025-10-25,2026-01-23,2026-01-01,False,False
ISS-0789,Corporate Functions,"Execution, Delivery & Process Management",Low,Third-Party / Vendor,Pass,2025-06-01,2025-08-30,2025-07-10,False,False
ISS-0790,Retail Banking,"Clients, Products & Business Practices",High,Human Error,Fail,2025-05-16,2025-06-15,2025-05-23,False,False
ISS-0791,Payments Ops,External Fraud,Medium,System Failure,Pass,2025-01-09,2025-03-10,2025-01-25,False,False
ISS-0792,Retail Banking,"Clients, Products & Business Practices",Medium,Process Gap,Pass,2025-04-25,2025-06-24,2025-04-26,False,False
ISS-0793,Retail Banking,"Execution, Delivery & Process Management",Low,System Failure,Pass,2025-06-26,2025-09-24,2025-10-12,True,False
ISS-0794,Cards,"Execution, Delivery & Process Management",Medium,Process Gap,Fail,2026-01-20,2026-03-21,2026-01-25,False,False
ISS-0795,Cards,"Clients, Products & Business Practices",Low,Third-Party / Vendor,Pass,2025-03-21,2025-06-19,2025-05-27,False,False
ISS-0796,Cards,"Clients, Products & Business Practices",Medium,Documentation Gap,Fail,2025-01-07,2025-03-08,,True,False
ISS-0797,Payments Ops,Internal Fraud,Low,Human Error,Pass,2025-11-29,2026-02-27,2026-02-15,False,False
ISS-0798,Cards,Business Disruption & System Failures,Medium,Human Error,Pass,2025-08-11,2025-10-10,2025-09-14,False,False
ISS-0799,Retail Banking,Internal Fraud,Low,Process Gap,Pass,2025-09-27,2025-12-26,2025-12-26,False,False
ISS-0800,Payments Ops,"Execution, Delivery & Process Management",Medium,System Failure,Pass,2025-03-03,2025-05-02,2025-05-20,True,False
ISS-0801,Cards,"Clients, Products & Business Practices",High,System Failure,Pass,2025-12-03,2026-01-02,2025-12-29,False,False
ISS-0802,Cards,Business Disruption & System Failures,Low,Human Error,Pass,2026-04-22,2026-07-21,2026-04-30,False,False
ISS-0803,Corporate Functions,"Clients, Products & Business Practices",Medium,Process Gap,Pass,2026-03-20,2026-05-19,2026-04-08,False,False
ISS-0804,Payments Ops,Business Disruption & System Failures,Low,Third-Party / Vendor,Pass,2025-08-24,2025-11-22,2025-10-26,False,True
ISS-0805,Retail Banking,"Execution, Delivery & Process Management",Medium,Process Gap,Pass,2026-01-27,2026-03-28,2026-02-13,False,False
ISS-0806,Merchant Services,"Execution, Delivery & Process Management",Medium,Process Gap,Pass,2025-05-13,2025-07-12,2025-07-05,False,False
ISS-0807,Corporate Functions,Employment Practices & Workplace Safety,Low,Human Error,Pass,2025-11-30,2026-02-28,2026-03-10,True,False
ISS-0808,Payments Ops,"Execution, Delivery & Process Management",Medium,Third-Party / Vendor,Pass,2025-04-23,2025-06-22,,True,False
ISS-0809,Payments Ops,"Clients, Products & Business Practices",High,Human Error,Fail,2025-07-31,2025-08-30,2025-08-27,False,False
ISS-0810,Cards,"Clients, Products & Business Practices",Low,Process Gap,Pass,2025-02-14,2025-05-15,2025-06-03,True,False
ISS-0811,Digital Channels,"Clients, Products & Business Practices",Low,Human Error,Pass,2025-12-23,2026-03-23,2026-05-01,True,False
ISS-0812,Payments Ops,External Fraud,Low,Human Error,Pass,2025-11-16,2026-02-14,,True,False
ISS-0813,Retail Banking,Business Disruption & System Failures,Low,System Failure,Pass,2026-01-31,2026-05-01,,True,False
ISS-0814,Merchant Services,"Execution, Delivery & Process Management",Medium,System Failure,Pass,2025-11-07,2026-01-06,,True,False
ISS-0815,Cards,External Fraud,Medium,Process Gap,Pass,2025-01-11,2025-03-12,,True,False
ISS-0816,Merchant Services,"Execution, Delivery & Process Management",Medium,Process Gap,Pass,2025-08-17,2025-10-16,,True,False
ISS-0817,Digital Channels,Employment Practices & Workplace Safety,Low,System Failure,Pass,2026-06-27,2026-09-25,2026-06-30,False,False
ISS-0818,Digital Channels,"Execution, Delivery & Process Management",High,Documentation Gap,Fail,2026-06-15,2026-07-15,,False,False
ISS-0819,Cards,Employment Practices & Workplace Safety,Medium,Process Gap,Pass,2026-06-22,2026-08-21,2026-06-30,False,False
ISS-0820,Cards,"Clients, Products & Business Practices",Low,System Failure,Pass,2025-11-22,2026-02-20,2026-01-06,False,False
ISS-0821,Payments Ops,Business Disruption & System Failures,High,System Failure,Fail,2025-11-29,2025-12-29,2025-12-25,False,False
ISS-0822,Cards,"Execution, Delivery & Process Management",High,Process Gap,Pass,2026-05-24,2026-06-23,2026-06-04,False,False
ISS-0823,Cards,"Clients, Products & Business Practices",Medium,System Failure,Pass,2026-04-13,2026-06-12,2026-06-12,False,False
ISS-0824,Retail Banking,"Clients, Products & Business Practices",Low,Third-Party / Vendor,Fail,2026-02-17,2026-05-18,2026-06-18,True,False
ISS-0825,Corporate Functions,External Fraud,High,Human Error,Fail,2025-04-01,2025-05-01,2025-04-30,False,False
ISS-0826,Cards,"Execution, Delivery & Process Management",Medium,Process Gap,Pass,2025-11-15,2026-01-14,2026-01-29,True,False
ISS-0827,Retail Banking,External Fraud,Low,System Failure,Pass,2026-03-24,2026-06-22,2026-06-04,False,False
ISS-0828,Payments Ops,"Execution, Delivery & Process Management",High,System Failure,Pass,2025-01-23,2025-02-22,,True,False
ISS-0829,Merchant Services,"Execution, Delivery & Process Management",Low,System Failure,Pass,2025-05-05,2025-08-03,2025-06-29,False,False
ISS-0830,Payments Ops,"Clients, Products & Business Practices",Low,Third-Party / Vendor,Pass,2025-09-25,2025-12-24,2025-11-05,False,False
ISS-0831,Merchant Services,Business Disruption & System Failures,High,Human Error,Fail,2025-11-10,2025-12-10,,True,False
ISS-0832,Payments Ops,"Clients, Products & Business Practices",Medium,System Failure,Pass,2025-09-28,2025-11-27,2025-12-17,True,False
ISS-0833,Cards,Business Disruption & System Failures,Low,Third-Party / Vendor,Pass,2025-03-12,2025-06-10,2025-05-31,False,False
ISS-0834,Payments Ops,Business Disruption & System Failures,Medium,Human Error,Pass,2025-05-13,2025-07-12,2025-05-23,False,False
ISS-0835,Cards,External Fraud,Low,Human Error,Pass,2026-02-08,2026-05-09,,True,False
ISS-0836,Retail Banking,Business Disruption & System Failures,Low,Process Gap,Fail,2025-11-07,2026-02-05,2026-04-18,True,False
ISS-0837,Merchant Services,"Execution, Delivery & Process Management",Medium,System Failure,Pass,2026-05-12,2026-07-11,2026-06-30,False,False
ISS-0838,Payments Ops,Business Disruption & System Failures,Medium,Human Error,Fail,2025-05-18,2025-07-17,2025-06-30,False,False
ISS-0839,Retail Banking,"Clients, Products & Business Practices",Low,Human Error,Pass,2026-01-06,2026-04-06,2026-01-24,False,False
ISS-0840,Cards,"Execution, Delivery & Process Management",High,Process Gap,Fail,2025-04-20,2025-05-20,2025-06-05,True,False
ISS-0841,Corporate Functions,Business Disruption & System Failures,Low,Documentation Gap,Fail,2025-04-15,2025-07-14,2025-06-17,False,False
ISS-0842,Retail Banking,"Execution, Delivery & Process Management",Low,Process Gap,Pass,2026-01-06,2026-04-06,,True,False
ISS-0843,Digital Channels,Business Disruption & System Failures,Medium,Process Gap,Pass,2026-01-16,2026-03-17,2026-03-02,False,False
ISS-0844,Digital Channels,Business Disruption & System Failures,Medium,Documentation Gap,Pass,2025-02-06,2025-04-07,2025-04-30,True,False
ISS-0845,Payments Ops,Damage to Physical Assets,Low,Process Gap,Pass,2026-03-17,2026-06-15,2026-06-14,False,False
ISS-0846,Retail Banking,Business Disruption & System Failures,Medium,Process Gap,Pass,2025-06-11,2025-08-10,2025-07-07,False,False
ISS-0847,Retail Banking,"Execution, Delivery & Process Management",Medium,Third-Party / Vendor,Pass,2025-01-14,2025-03-15,2025-02-10,False,False
ISS-0848,Merchant Services,"Execution, Delivery & Process Management",Medium,System Failure,Pass,2025-07-27,2025-09-25,,True,False
ISS-0849,Payments Ops,"Execution, Delivery & Process Management",Low,System Failure,Pass,2025-04-16,2025-07-15,,True,False
ISS-0850,Payments Ops,Business Disruption & System Failures,Medium,Process Gap,Pass,2025-12-09,2026-02-07,2026-02-12,True,False
ISS-0851,Payments Ops,Employment Practices & Workplace Safety,Medium,System Failure,Fail,2026-06-24,2026-08-23,2026-06-30,False,False
ISS-0852,Cards,"Execution, Delivery & Process Management",Medium,Process Gap,Fail,2025-04-09,2025-06-08,2025-06-17,True,False
ISS-0853,Corporate Functions,Employment Practices & Workplace Safety,Medium,Process Gap,Fail,2026-04-24,2026-06-23,,True,False
ISS-0854,Digital Channels,Business Disruption & System Failures,High,Process Gap,Pass,2026-01-22,2026-02-21,2026-02-25,True,False
ISS-0855,Payments Ops,Business Disruption & System Failures,Low,Documentation Gap,Pass,2025-05-10,2025-08-08,,True,False
ISS-0856,Payments Ops,"Execution, Delivery & Process Management",Low,Process Gap,Pass,2026-06-11,2026-09-09,2026-06-30,False,False
ISS-0857,Merchant Services,"Execution, Delivery & Process Management",Low,Documentation Gap,Fail,2025-12-20,2026-03-20,,True,False
ISS-0858,Corporate Functions,"Execution, Delivery & Process Management",Medium,System Failure,Pass,2025-12-25,2026-02-23,2026-01-20,False,False
ISS-0859,Digital Channels,"Execution, Delivery & Process Management",Medium,Human Error,Fail,2025-04-14,2025-06-13,2025-05-03,False,False
ISS-0860,Digital Channels,External Fraud,Medium,Process Gap,Pass,2025-05-24,2025-07-23,,True,False
ISS-0861,Cards,Business Disruption & System Failures,Low,System Failure,Pass,2025-10-24,2026-01-22,2025-12-19,False,False
ISS-0862,Retail Banking,Business Disruption & System Failures,Low,Process Gap,Fail,2025-11-26,2026-02-24,2026-03-14,True,False
ISS-0863,Corporate Functions,"Execution, Delivery & Process Management",Medium,Process Gap,Pass,2025-09-10,2025-11-09,2025-11-01,False,False
ISS-0864,Payments Ops,Employment Practices & Workplace Safety,Low,System Failure,Fail,2025-04-14,2025-07-13,,True,False
ISS-0865,Cards,Business Disruption & System Failures,Medium,Process Gap,Fail,2025-08-11,2025-10-10,2025-09-15,False,False
ISS-0866,Cards,External Fraud,Medium,Documentation Gap,Fail,2025-05-19,2025-07-18,2025-08-14,True,False
ISS-0867,Merchant Services,Business Disruption & System Failures,Low,Human Error,Pass,2025-02-16,2025-05-17,2025-04-30,False,False
ISS-0868,Digital Channels,Employment Practices & Workplace Safety,Medium,Human Error,Pass,2025-03-18,2025-05-17,2025-05-16,False,False
ISS-0869,Digital Channels,"Clients, Products & Business Practices",Medium,Process Gap,Fail,2025-03-18,2025-05-17,,True,True
ISS-0870,Payments Ops,Business Disruption & System Failures,Low,System Failure,Pass,2025-05-22,2025-08-20,2025-08-14,False,False
ISS-0871,Digital Channels,"Execution, Delivery & Process Management",Medium,Third-Party / Vendor,Fail,2026-03-26,2026-05-25,2026-05-03,False,False
ISS-0872,Corporate Functions,"Execution, Delivery & Process Management",Medium,Third-Party / Vendor,Pass,2025-02-28,2025-04-29,2025-04-25,False,False
ISS-0873,Payments Ops,Business Disruption & System Failures,Low,Human Error,Pass,2026-05-25,2026-08-23,2026-06-30,False,False
ISS-0874,Corporate Functions,Employment Practices & Workplace Safety,Medium,Process Gap,Fail,2025-03-05,2025-05-04,,True,False
ISS-0875,Cards,Business Disruption & System Failures,Medium,Human Error,Pass,2025-03-29,2025-05-28,,True,False
ISS-0876,Retail Banking,Business Disruption & System Failures,Low,Third-Party / Vendor,Pass,2025-12-09,2026-03-09,2026-04-09,True,True
ISS-0877,Digital Channels,Business Disruption & System Failures,Low,Process Gap,Pass,2026-05-10,2026-08-08,2026-06-30,False,False
ISS-0878,Corporate Functions,Business Disruption & System Failures,Low,Process Gap,Pass,2025-05-13,2025-08-11,2025-06-12,False,False
ISS-0879,Payments Ops,"Execution, Delivery & Process Management",Medium,Process Gap,Fail,2025-05-02,2025-07-01,,True,False
ISS-0880,Merchant Services,"Clients, Products & Business Practices",High,Process Gap,Pass,2025-02-21,2025-03-23,2025-02-27,False,False
ISS-0881,Digital Channels,"Execution, Delivery & Process Management",Low,Human Error,Pass,2025-10-27,2026-01-25,2025-12-04,False,False
ISS-0882,Merchant Services,"Execution, Delivery & Process Management",Medium,Human Error,Pass,2026-02-06,2026-04-07,2026-03-22,False,False
ISS-0883,Retail Banking,Employment Practices & Workplace Safety,Medium,Human Error,Pass,2025-05-06,2025-07-05,2025-07-05,False,False
ISS-0884,Digital Channels,External Fraud,High,System Failure,Pass,2026-04-28,2026-05-28,2026-05-18,False,False
ISS-0885,Cards,Business Disruption & System Failures,Low,System Failure,Pass,2025-12-12,2026-03-12,2026-03-04,False,False
ISS-0886,Merchant Services,External Fraud,High,Human Error,Fail,2026-02-22,2026-03-24,2026-03-30,True,False
ISS-0887,Corporate Functions,Business Disruption & System Failures,High,Process Gap,Pass,2026-01-08,2026-02-07,2026-02-08,True,False
ISS-0888,Merchant Services,Business Disruption & System Failures,Low,System Failure,Pass,2025-07-13,2025-10-11,2025-08-11,False,False
ISS-0889,Retail Banking,"Clients, Products & Business Practices",Low,System Failure,Fail,2025-02-21,2025-05-22,2025-04-19,False,False
ISS-0890,Cards,"Execution, Delivery & Process Management",Low,Human Error,Pass,2025-04-14,2025-07-13,2025-07-01,False,False
ISS-0891,Corporate Functions,Damage to Physical Assets,Medium,System Failure,Pass,2025-04-15,2025-06-14,2025-06-02,False,False
ISS-0892,Merchant Services,Internal Fraud,Medium,Process Gap,Pass,2025-02-25,2025-04-26,2025-05-16,True,False
ISS-0893,Cards,"Execution, Delivery & Process Management",Low,Process Gap,Pass,2025-06-17,2025-09-15,2025-08-27,False,False
ISS-0894,Payments Ops,"Execution, Delivery & Process Management",Medium,System Failure,Pass,2025-01-30,2025-03-31,,True,False
ISS-0895,Payments Ops,External Fraud,Low,Human Error,Pass,2025-09-26,2025-12-25,2026-01-24,True,False
ISS-0896,Merchant Services,Business Disruption & System Failures,Medium,Process Gap,Pass,2025-04-06,2025-06-05,2025-07-25,True,False
ISS-0897,Digital Channels,"Execution, Delivery & Process Management",Low,Third-Party / Vendor,Pass,2025-04-17,2025-07-16,2025-05-27,False,False
ISS-0898,Merchant Services,"Execution, Delivery & Process Management",Low,Process Gap,Pass,2025-03-14,2025-06-12,2025-04-25,False,False
ISS-0899,Digital Channels,"Execution, Delivery & Process Management",Low,Third-Party / Vendor,Pass,2025-05-29,2025-08-27,2025-08-31,True,False
ISS-0900,Retail Banking,Business Disruption & System Failures,Low,Third-Party / Vendor,Pass,2025-09-30,2025-12-29,2025-12-03,False,False
ISS-0901,Payments Ops,Business Disruption & System Failures,Medium,Process Gap,Fail,2025-04-09,2025-06-08,,True,False
ISS-0902,Digital Channels,External Fraud,Low,Third-Party / Vendor,Pass,2025-09-28,2025-12-27,2025-11-15,False,False
ISS-0903,Corporate Functions,Business Disruption & System Failures,High,System Failure,Fail,2025-06-18,2025-07-18,2025-06-19,False,False
ISS-0904,Digital Channels,Business Disruption & System Failures,Low,Documentation Gap,Pass,2025-04-19,2025-07-18,2025-06-21,False,False
ISS-0905,Retail Banking,"Clients, Products & Business Practices",Medium,Human Error,Pass,2025-02-16,2025-04-17,2025-03-27,False,False
ISS-0906,Cards,Employment Practices & Workplace Safety,Low,Third-Party / Vendor,Fail,2025-02-15,2025-05-16,2025-04-21,False,False
ISS-0907,Payments Ops,"Execution, Delivery & Process Management",Low,Process Gap,Pass,2025-03-01,2025-05-30,,True,False
ISS-0908,Merchant Services,"Execution, Delivery & Process Management",Low,Documentation Gap,Pass,2025-12-22,2026-03-22,2026-04-16,True,False
ISS-0909,Retail Banking,External Fraud,Low,Documentation Gap,Pass,2026-01-30,2026-04-30,2026-05-07,True,False
ISS-0910,Payments Ops,"Execution, Delivery & Process Management",High,Human Error,Fail,2025-05-19,2025-06-18,2025-06-10,False,False
ISS-0911,Cards,External Fraud,High,Process Gap,Fail,2026-03-07,2026-04-06,2026-04-19,True,False
ISS-0912,Retail Banking,"Execution, Delivery & Process Management",High,Process Gap,Fail,2025-03-01,2025-03-31,2025-03-29,False,False
ISS-0913,Digital Channels,Employment Practices & Workplace Safety,Low,Documentation Gap,Pass,2025-09-25,2025-12-24,2026-01-25,True,False
ISS-0914,Retail Banking,"Execution, Delivery & Process Management",Medium,Process Gap,Pass,2025-02-18,2025-04-19,2025-04-20,True,False
ISS-0915,Digital Channels,"Clients, Products & Business Practices",Medium,System Failure,Pass,2026-03-20,2026-05-19,2026-05-10,False,False
ISS-0916,Digital Channels,"Execution, Delivery & Process Management",Low,Process Gap,Pass,2025-09-28,2025-12-27,2025-11-10,False,False
ISS-0917,Cards,Employment Practices & Workplace Safety,Medium,Human Error,Pass,2026-06-23,2026-08-22,2026-06-30,False,False
ISS-0918,Merchant Services,"Execution, Delivery & Process Management",High,Human Error,Pass,2025-08-25,2025-09-24,,True,False
ISS-0919,Retail Banking,Damage to Physical Assets,Low,Documentation Gap,Pass,2026-04-18,2026-07-17,2026-06-30,False,False
ISS-0920,Merchant Services,Business Disruption & System Failures,Medium,Process Gap,Pass,2026-02-10,2026-04-11,2026-04-20,True,True
ISS-0921,Digital Channels,Business Disruption & System Failures,Low,Process Gap,Fail,2025-05-27,2025-08-25,2025-08-31,True,False
ISS-0922,Payments Ops,Business Disruption & System Failures,Low,System Failure,Pass,2026-04-06,2026-07-05,2026-06-30,False,False
ISS-0923,Retail Banking,"Clients, Products & Business Practices",Medium,Process Gap,Pass,2025-07-24,2025-09-22,,True,False
ISS-0924,Retail Banking,Business Disruption & System Failures,Medium,Human Error,Fail,2025-06-27,2025-08-26,2025-09-04,True,False
ISS-0925,Retail Banking,Business Disruption & System Failures,Low,Process Gap,Pass,2026-05-09,2026-08-07,2026-06-30,False,False
ISS-0926,Cards,"Execution, Delivery & Process Management",Medium,Third-Party / Vendor,Pass,2025-01-23,2025-03-24,2025-05-28,True,False
ISS-0927,Payments Ops,Business Disruption & System Failures,Medium,Process Gap,Fail,2025-11-07,2026-01-06,2026-01-03,False,False
ISS-0928,Payments Ops,"Execution, Delivery & Process Management",Low,Third-Party / Vendor,Pass,2025-10-27,2026-01-25,,True,False
ISS-0929,Merchant Services,Business Disruption & System Failures,Medium,Human Error,Fail,2025-09-17,2025-11-16,2025-11-19,True,False
ISS-0930,Retail Banking,"Execution, Delivery & Process Management",Medium,Third-Party / Vendor,Pass,2025-03-08,2025-05-07,2025-05-18,True,False
ISS-0931,Cards,"Execution, Delivery & Process Management",High,Human Error,Fail,2026-02-21,2026-03-23,2026-03-26,True,False
ISS-0932,Cards,"Clients, Products & Business Practices",High,System Failure,Fail,2025-08-15,2025-09-14,2025-10-04,True,False
ISS-0933,Payments Ops,"Execution, Delivery & Process Management",Medium,Documentation Gap,Pass,2026-05-17,2026-07-16,2026-05-18,False,False
ISS-0934,Corporate Functions,Business Disruption & System Failures,Medium,System Failure,Pass,2025-02-24,2025-04-25,2025-04-09,False,True
ISS-0935,Merchant Services,"Execution, Delivery & Process Management",Medium,System Failure,Fail,2025-04-22,2025-06-21,2025-08-10,True,True
ISS-0936,Retail Banking,Employment Practices & Workplace Safety,Medium,System Failure,Fail,2026-02-16,2026-04-17,,True,False
ISS-0937,Merchant Services,"Execution, Delivery & Process Management",Low,Third-Party / Vendor,Pass,2025-11-23,2026-02-21,,True,False
ISS-0938,Cards,"Execution, Delivery & Process Management",Medium,Third-Party / Vendor,Fail,2025-04-07,2025-06-06,2025-05-30,False,False
ISS-0939,Retail Banking,"Clients, Products & Business Practices",Medium,Third-Party / Vendor,Fail,2025-07-16,2025-09-14,2025-09-27,True,False
ISS-0940,Cards,Employment Practices & Workplace Safety,Medium,Process Gap,Fail,2026-05-18,2026-07-17,2026-06-11,False,False
ISS-0941,Digital Channels,Business Disruption & System Failures,Medium,Human Error,Pass,2025-04-25,2025-06-24,2025-06-26,True,False
ISS-0942,Corporate Functions,External Fraud,Low,Process Gap,Pass,2025-01-21,2025-04-21,,True,False
ISS-0943,Cards,Business Disruption & System Failures,Low,Human Error,Pass,2026-04-13,2026-07-12,2026-06-30,False,False
ISS-0944,Digital Channels,"Execution, Delivery & Process Management",Low,Third-Party / Vendor,Pass,2026-05-05,2026-08-03,2026-05-22,False,False
ISS-0945,Corporate Functions,"Clients, Products & Business Practices",High,Human Error,Fail,2025-09-21,2025-10-21,2025-10-14,False,True
ISS-0946,Cards,"Clients, Products & Business Practices",Medium,Process Gap,Pass,2026-04-17,2026-06-16,,True,False
ISS-0947,Merchant Services,Business Disruption & System Failures,Medium,System Failure,Pass,2026-06-28,2026-08-27,2026-06-30,False,False
ISS-0948,Corporate Functions,"Clients, Products & Business Practices",Low,Process Gap,Pass,2026-04-20,2026-07-19,2026-06-30,False,False
ISS-0949,Payments Ops,"Clients, Products & Business Practices",Low,System Failure,Pass,2025-01-09,2025-04-09,,True,False
ISS-0950,Payments Ops,"Clients, Products & Business Practices",Medium,Human Error,Pass,2026-05-28,2026-07-27,2026-06-30,False,False
ISS-0951,Cards,"Execution, Delivery & Process Management",Low,System Failure,Fail,2025-04-05,2025-07-04,2025-06-30,False,False
ISS-0952,Cards,"Clients, Products & Business Practices",Medium,Human Error,Pass,2026-03-13,2026-05-12,,True,False
ISS-0953,Corporate Functions,Business Disruption & System Failures,Medium,System Failure,Pass,2025-12-11,2026-02-09,2026-01-16,False,False
ISS-0954,Merchant Services,Business Disruption & System Failures,Low,System Failure,Fail,2025-01-29,2025-04-29,2025-05-01,True,False
ISS-0955,Payments Ops,"Clients, Products & Business Practices",Medium,Documentation Gap,Pass,2025-01-23,2025-03-24,2025-04-12,True,False
ISS-0956,Corporate Functions,"Execution, Delivery & Process Management",Medium,Process Gap,Pass,2025-07-20,2025-09-18,2025-09-15,False,False
ISS-0957,Digital Channels,"Execution, Delivery & Process Management",Low,Human Error,Pass,2026-04-10,2026-07-09,2026-06-30,False,False
ISS-0958,Retail Banking,Employment Practices & Workplace Safety,Low,Third-Party / Vendor,Pass,2026-06-26,2026-09-24,2026-06-30,False,False
ISS-0959,Cards,"Clients, Products & Business Practices",Low,Third-Party / Vendor,Pass,2025-03-18,2025-06-16,,True,False
ISS-0960,Cards,Damage to Physical Assets,Low,System Failure,Pass,2025-12-19,2026-03-19,2026-03-11,False,False
ISS-0961,Merchant Services,Business Disruption & System Failures,High,Third-Party / Vendor,Pass,2026-05-12,2026-06-11,2026-06-17,True,False
ISS-0962,Merchant Services,"Clients, Products & Business Practices",Low,Process Gap,Pass,2025-05-23,2025-08-21,,True,False
ISS-0963,Payments Ops,Employment Practices & Workplace Safety,Low,Process Gap,Pass,2026-06-01,2026-08-30,2026-06-27,False,False
ISS-0964,Retail Banking,"Execution, Delivery & Process Management",Medium,Third-Party / Vendor,Pass,2025-08-11,2025-10-10,,True,True
ISS-0965,Cards,Business Disruption & System Failures,Medium,Human Error,Fail,2025-10-06,2025-12-05,2026-01-04,True,False
ISS-0966,Corporate Functions,Business Disruption & System Failures,Low,Human Error,Pass,2025-10-23,2026-01-21,,True,False
ISS-0967,Payments Ops,Internal Fraud,High,System Failure,Pass,2026-03-11,2026-04-10,2026-03-22,False,False
ISS-0968,Retail Banking,External Fraud,High,Human Error,Pass,2026-02-07,2026-03-09,2026-03-07,False,False
ISS-0969,Retail Banking,"Clients, Products & Business Practices",Medium,Human Error,Fail,2026-03-10,2026-05-09,2026-05-17,True,False
ISS-0970,Cards,"Clients, Products & Business Practices",Medium,Human Error,Fail,2026-04-21,2026-06-20,2026-05-25,False,False
ISS-0971,Payments Ops,"Clients, Products & Business Practices",Low,Human Error,Pass,2026-06-11,2026-09-09,,False,False
ISS-0972,Payments Ops,Internal Fraud,Low,Documentation Gap,Pass,2026-05-14,2026-08-12,,False,False
ISS-0973,Merchant Services,Business Disruption & System Failures,Low,Process Gap,Pass,2026-05-18,2026-08-16,2026-06-30,False,False
ISS-0974,Payments Ops,Internal Fraud,Low,Process Gap,Pass,2026-03-07,2026-06-05,2026-06-24,True,True
ISS-0975,Payments Ops,Business Disruption & System Failures,Low,Process Gap,Pass,2026-01-16,2026-04-16,2026-06-22,True,False
ISS-0976,Merchant Services,"Execution, Delivery & Process Management",Low,Process Gap,Pass,2026-04-26,2026-07-25,,False,False
ISS-0977,Retail Banking,Damage to Physical Assets,Medium,Process Gap,Fail,2025-12-14,2026-02-12,2026-01-13,False,False
ISS-0978,Cards,"Execution, Delivery & Process Management",Medium,Process Gap,Fail,2025-08-13,2025-10-12,2025-11-05,True,False
ISS-0979,Merchant Services,"Clients, Products & Business Practices",High,Human Error,Pass,2025-09-02,2025-10-02,2025-09-04,False,False
ISS-0980,Corporate Functions,"Execution, Delivery & Process Management",Medium,System Failure,Pass,2025-04-24,2025-06-23,2025-06-17,False,False
ISS-0981,Merchant Services,"Execution, Delivery & Process Management",Low,Third-Party / Vendor,Pass,2025-11-14,2026-02-12,2026-01-12,False,True
ISS-0982,Merchant Services,"Execution, Delivery & Process Management",Low,Third-Party / Vendor,Pass,2025-05-24,2025-08-22,,True,False
ISS-0983,Corporate Functions,"Execution, Delivery & Process Management",Low,Process Gap,Pass,2026-04-12,2026-07-11,2026-04-20,False,False
ISS-0984,Cards,"Execution, Delivery & Process Management",Medium,Process Gap,Fail,2026-01-16,2026-03-17,2026-01-27,False,False
ISS-0985,Cards,Business Disruption & System Failures,Medium,System Failure,Pass,2026-04-02,2026-06-01,,True,False
ISS-0986,Digital Channels,"Execution, Delivery & Process Management",Low,Third-Party / Vendor,Pass,2025-04-20,2025-07-19,,True,False
ISS-0987,Payments Ops,"Execution, Delivery & Process Management",Medium,System Failure,Pass,2026-04-19,2026-06-18,2026-05-29,False,False
ISS-0988,Cards,"Execution, Delivery & Process Management",Medium,Process Gap,Pass,2025-06-12,2025-08-11,2025-08-20,True,False
ISS-0989,Payments Ops,Employment Practices & Workplace Safety,Low,System Failure,Pass,2025-06-12,2025-09-10,2025-08-02,False,False
ISS-0990,Digital Channels,"Execution, Delivery & Process Management",Low,Process Gap,Pass,2025-10-30,2026-01-28,2025-12-14,False,False
ISS-0991,Merchant Services,External Fraud,Medium,Human Error,Pass,2026-02-17,2026-04-18,2026-06-09,True,False
ISS-0992,Retail Banking,Business Disruption & System Failures,Low,Process Gap,Pass,2025-03-22,2025-06-20,2025-05-25,False,False
ISS-0993,Digital Channels,Employment Practices & Workplace Safety,Low,Process Gap,Pass,2026-04-16,2026-07-15,2026-05-17,False,False
ISS-0994,Retail Banking,Business Disruption & System Failures,Medium,System Failure,Pass,2025-05-31,2025-07-30,2025-07-01,False,False
ISS-0995,Merchant Services,"Execution, Delivery & Process Management",High,Documentation Gap,Pass,2025-06-21,2025-07-21,2025-07-15,False,False
ISS-0996,Corporate Functions,"Execution, Delivery & Process Management",Low,Process Gap,Pass,2025-09-12,2025-12-11,2025-12-14,True,False
ISS-0997,Digital Channels,Damage to Physical Assets,Medium,Third-Party / Vendor,Pass,2026-06-20,2026-08-19,2026-06-30,False,False
ISS-0998,Retail Banking,"Execution, Delivery & Process Management",High,System Failure,Pass,2025-04-25,2025-05-25,2025-05-11,False,False
ISS-0999,Retail Banking,"Execution, Delivery & Process Management",Low,System Failure,Pass,2025-10-24,2026-01-22,2025-12-06,False,False
ISS-1000,Retail Banking,"Clients, Products & Business Practices",Medium,System Failure,Pass,2025-07-10,2025-09-08,2025-09-19,True,False
ISS-1001,Cards,"Clients, Products & Business Practices",High,Human Error,Pass,2026-05-29,2026-06-28,2026-06-26,False,False
ISS-1002,Cards,"Execution, Delivery & Process Management",Low,Human Error,Pass,2025-08-09,2025-11-07,2025-11-14,True,False
ISS-1003,Retail Banking,Business Disruption & System Failures,High,Third-Party / Vendor,Fail,2026-05-20,2026-06-19,2026-06-11,False,False
ISS-1004,Payments Ops,Business Disruption & System Failures,Medium,Third-Party / Vendor,Fail,2026-05-07,2026-07-06,2026-06-30,False,False
ISS-1005,Payments Ops,Employment Practices & Workplace Safety,Low,System Failure,Pass,2025-06-11,2025-09-09,2025-09-05,False,False
ISS-1006,Digital Channels,Business Disruption & System Failures,Low,Process Gap,Fail,2026-06-17,2026-09-15,,False,False
ISS-1007,Cards,Employment Practices & Workplace Safety,Medium,Documentation Gap,Pass,2025-07-11,2025-09-09,2025-07-23,False,False
ISS-1008,Digital Channels,"Execution, Delivery & Process Management",Low,Third-Party / Vendor,Pass,2026-04-01,2026-06-30,2026-05-12,False,False
ISS-1009,Merchant Services,Internal Fraud,Low,Third-Party / Vendor,Pass,2025-05-16,2025-08-14,2025-07-29,False,False
ISS-1010,Payments Ops,Business Disruption & System Failures,Low,Process Gap,Pass,2025-01-21,2025-04-21,2025-04-11,False,True
ISS-1011,Cards,Business Disruption & System Failures,Medium,System Failure,Pass,2025-11-15,2026-01-14,2025-12-29,False,False
ISS-1012,Cards,"Clients, Products & Business Practices",Medium,System Failure,Pass,2026-05-22,2026-07-21,,False,False
ISS-1013,Retail Banking,"Execution, Delivery & Process Management",Low,Human Error,Pass,2025-04-05,2025-07-04,2025-05-25,False,False
ISS-1014,Cards,"Execution, Delivery & Process Management",Medium,Process Gap,Pass,2025-03-15,2025-05-14,2025-04-17,False,False
ISS-1015,Payments Ops,"Clients, Products & Business Practices",Low,Documentation Gap,Pass,2026-03-31,2026-06-29,2026-04-26,False,False
ISS-1016,Merchant Services,"Clients, Products & Business Practices",High,Third-Party / Vendor,Fail,2025-10-05,2025-11-04,2025-10-27,False,False
ISS-1017,Digital Channels,"Execution, Delivery & Process Management",Low,Human Error,Pass,2026-02-11,2026-05-12,2026-05-16,True,False
ISS-1018,Cards,"Execution, Delivery & Process Management",High,Documentation Gap,Pass,2025-11-03,2025-12-03,2025-11-19,False,False
ISS-1019,Payments Ops,"Clients, Products & Business Practices",Medium,Third-Party / Vendor,Fail,2026-03-19,2026-05-18,2026-05-13,False,False
ISS-1020,Cards,"Execution, Delivery & Process Management",Low,Human Error,Pass,2025-04-23,2025-07-22,2025-08-03,True,False
ISS-1021,Retail Banking,"Execution, Delivery & Process Management",Low,System Failure,Pass,2025-05-12,2025-08-10,,True,False
ISS-1022,Corporate Functions,External Fraud,Medium,Human Error,Pass,2025-06-20,2025-08-19,2025-07-24,False,False
ISS-1023,Payments Ops,External Fraud,Low,Process Gap,Fail,2026-02-07,2026-05-08,,True,False
ISS-1024,Corporate Functions,"Clients, Products & Business Practices",Low,Process Gap,Pass,2025-01-08,2025-04-08,2025-07-15,True,False
ISS-1025,Retail Banking,"Execution, Delivery & Process Management",Low,Process Gap,Fail,2025-04-03,2025-07-02,2025-05-22,False,False
ISS-1026,Cards,Internal Fraud,Medium,System Failure,Pass,2025-09-30,2025-11-29,2025-11-10,False,True
ISS-1027,Retail Banking,"Execution, Delivery & Process Management",Medium,Human Error,Pass,2026-02-20,2026-04-21,2026-05-02,True,False
ISS-1028,Cards,"Clients, Products & Business Practices",Medium,Process Gap,Fail,2025-02-03,2025-04-04,2025-03-25,False,False
ISS-1029,Digital Channels,Damage to Physical Assets,Low,Third-Party / Vendor,Pass,2025-10-09,2026-01-07,2025-11-13,False,False
ISS-1030,Merchant Services,Employment Practices & Workplace Safety,Medium,Process Gap,Pass,2026-04-19,2026-06-18,2026-05-15,False,False
ISS-1031,Cards,"Execution, Delivery & Process Management",Medium,System Failure,Fail,2025-05-29,2025-07-28,2025-07-02,False,False
ISS-1032,Payments Ops,"Execution, Delivery & Process Management",Low,Process Gap,Fail,2025-08-15,2025-11-13,2025-10-21,False,False
ISS-1033,Merchant Services,"Execution, Delivery & Process Management",Medium,System Failure,Pass,2025-10-20,2025-12-19,2025-12-10,False,False
ISS-1034,Digital Channels,External Fraud,Low,Process Gap,Pass,2025-06-03,2025-09-01,,True,False
ISS-1035,Retail Banking,"Execution, Delivery & Process Management",Medium,Process Gap,Pass,2025-06-25,2025-08-24,,True,True
ISS-1036,Cards,"Clients, Products & Business Practices",Low,System Failure,Pass,2025-07-01,2025-09-29,2025-09-01,False,False
ISS-1037,Payments Ops,"Execution, Delivery & Process Management",Low,Human Error,Fail,2025-07-03,2025-10-01,2025-09-07,False,False
ISS-1038,Cards,Damage to Physical Assets,Low,System Failure,Pass,2025-05-19,2025-08-17,,True,False
ISS-1039,Corporate Functions,"Clients, Products & Business Practices",Low,System Failure,Pass,2025-04-02,2025-07-01,,True,True
ISS-1040,Payments Ops,Employment Practices & Workplace Safety,Low,Documentation Gap,Pass,2025-06-27,2025-09-25,2025-09-12,False,True
ISS-1041,Digital Channels,"Execution, Delivery & Process Management",Low,Process Gap,Fail,2025-08-31,2025-11-29,2025-12-01,True,False
ISS-1042,Payments Ops,"Execution, Delivery & Process Management",High,Human Error,Fail,2025-11-07,2025-12-07,,True,False
ISS-1043,Retail Banking,"Execution, Delivery & Process Management",High,Process Gap,Fail,2026-06-05,2026-07-05,2026-06-06,False,False
ISS-1044,Retail Banking,Employment Practices & Workplace Safety,High,Documentation Gap,Pass,2025-12-25,2026-01-24,,True,False
ISS-1045,Retail Banking,Business Disruption & System Failures,High,Human Error,Fail,2025-09-17,2025-10-17,2025-09-18,False,False
ISS-1046,Digital Channels,Employment Practices & Workplace Safety,Medium,Process Gap,Pass,2026-01-08,2026-03-09,2026-02-01,False,False
ISS-1047,Retail Banking,External Fraud,Low,Process Gap,Pass,2025-09-29,2025-12-28,,True,False
ISS-1048,Digital Channels,Business Disruption & System Failures,Medium,System Failure,Fail,2025-06-30,2025-08-29,2025-08-11,False,False
ISS-1049,Retail Banking,"Clients, Products & Business Practices",Low,Human Error,Pass,2026-02-02,2026-05-03,2026-06-04,True,False
ISS-1050,Retail Banking,Business Disruption & System Failures,Low,Human Error,Pass,2025-08-30,2025-11-28,2025-10-29,False,False
ISS-1051,Payments Ops,Business Disruption & System Failures,Medium,Process Gap,Pass,2025-04-02,2025-06-01,2025-05-09,False,False
ISS-1052,Merchant Services,"Execution, Delivery & Process Management",Medium,Documentation Gap,Pass,2025-10-07,2025-12-06,2025-12-24,True,False
ISS-1053,Merchant Services,"Clients, Products & Business Practices",Medium,Third-Party / Vendor,Pass,2026-03-13,2026-05-12,2026-05-24,True,False
ISS-1054,Digital Channels,Employment Practices & Workplace Safety,Medium,Third-Party / Vendor,Pass,2026-06-14,2026-08-13,2026-06-30,False,False
ISS-1055,Corporate Functions,Business Disruption & System Failures,Medium,Process Gap,Fail,2025-09-09,2025-11-08,2025-09-10,False,False
ISS-1056,Retail Banking,External Fraud,Medium,System Failure,Pass,2025-01-26,2025-03-27,,True,False
ISS-1057,Retail Banking,"Execution, Delivery & Process Management",High,Documentation Gap,Fail,2025-09-14,2025-10-14,,True,False
ISS-1058,Merchant Services,"Execution, Delivery & Process Management",Medium,System Failure,Pass,2026-01-22,2026-03-23,2026-04-10,True,True
ISS-1059,Retail Banking,External Fraud,High,Human Error,Fail,2025-02-13,2025-03-15,2025-03-28,True,False
ISS-1060,Payments Ops,Employment Practices & Workplace Safety,High,Third-Party / Vendor,Pass,2025-06-26,2025-07-26,2025-07-31,True,False
ISS-1061,Retail Banking,"Clients, Products & Business Practices",Medium,Documentation Gap,Pass,2025-08-03,2025-10-02,2025-09-23,False,False
ISS-1062,Digital Channels,Business Disruption & System Failures,Low,Documentation Gap,Fail,2026-01-18,2026-04-18,2026-03-10,False,False
ISS-1063,Payments Ops,"Execution, Delivery & Process Management",Low,Human Error,Fail,2025-12-19,2026-03-19,2026-01-31,False,False
ISS-1064,Retail Banking,Business Disruption & System Failures,Medium,Process Gap,Pass,2026-06-09,2026-08-08,,False,True
ISS-1065,Retail Banking,External Fraud,High,Documentation Gap,Fail,2026-02-28,2026-03-30,2026-03-21,False,False
ISS-1066,Cards,Business Disruption & System Failures,High,Process Gap,Pass,2025-11-03,2025-12-03,2025-12-09,True,False
ISS-1067,Cards,Damage to Physical Assets,Medium,Human Error,Fail,2026-01-08,2026-03-09,2026-02-27,False,False
ISS-1068,Digital Channels,"Execution, Delivery & Process Management",High,System Failure,Fail,2025-04-09,2025-05-09,2025-05-19,True,False
ISS-1069,Digital Channels,Business Disruption & System Failures,Medium,Process Gap,Pass,2025-01-26,2025-03-27,2025-03-28,True,False
ISS-1070,Cards,"Clients, Products & Business Practices",Low,Process Gap,Pass,2026-03-01,2026-05-30,2026-06-30,True,False
ISS-1071,Retail Banking,"Execution, Delivery & Process Management",Medium,Documentation Gap,Pass,2026-05-01,2026-06-30,2026-05-26,False,False
ISS-1072,Payments Ops,External Fraud,Medium,System Failure,Fail,2025-05-23,2025-07-22,2025-08-29,True,False
ISS-1073,Cards,"Execution, Delivery & Process Management",Medium,Documentation Gap,Pass,2025-08-22,2025-10-21,2025-10-31,True,False
ISS-1074,Retail Banking,Employment Practices & Workplace Safety,Low,Third-Party / Vendor,Pass,2025-09-17,2025-12-16,2025-12-27,True,False
ISS-1075,Payments Ops,"Execution, Delivery & Process Management",Medium,System Failure,Fail,2026-05-29,2026-07-28,2026-06-30,False,False
ISS-1076,Cards,"Execution, Delivery & Process Management",Medium,System Failure,Fail,2026-04-24,2026-06-23,2026-05-13,False,False
ISS-1077,Payments Ops,Employment Practices & Workplace Safety,Low,System Failure,Pass,2026-02-16,2026-05-17,,True,False
ISS-1078,Cards,Internal Fraud,Low,Human Error,Pass,2026-06-05,2026-09-03,2026-06-30,False,False
ISS-1079,Digital Channels,Employment Practices & Workplace Safety,Medium,Human Error,Fail,2025-11-26,2026-01-25,2026-01-18,False,False
ISS-1080,Cards,Internal Fraud,Low,Process Gap,Pass,2026-05-01,2026-07-30,2026-06-30,False,True
ISS-1081,Digital Channels,"Execution, Delivery & Process Management",Low,Process Gap,Pass,2025-08-19,2025-11-17,2025-09-14,False,False
ISS-1082,Payments Ops,"Execution, Delivery & Process Management",Low,Human Error,Pass,2025-05-08,2025-08-06,2025-10-27,True,False
ISS-1083,Merchant Services,Employment Practices & Workplace Safety,Medium,Process Gap,Fail,2026-03-17,2026-05-16,2026-04-15,False,True
ISS-1084,Cards,Internal Fraud,Medium,System Failure,Pass,2025-02-13,2025-04-14,2025-04-19,True,False
ISS-1085,Cards,Business Disruption & System Failures,Medium,Process Gap,Fail,2025-04-19,2025-06-18,2025-05-04,False,False
ISS-1086,Corporate Functions,"Execution, Delivery & Process Management",Low,Documentation Gap,Pass,2026-06-25,2026-09-23,2026-06-30,False,True
ISS-1087,Corporate Functions,"Execution, Delivery & Process Management",Medium,Process Gap,Fail,2026-06-27,2026-08-26,2026-06-30,False,False
ISS-1088,Merchant Services,Business Disruption & System Failures,High,Process Gap,Pass,2026-02-05,2026-03-07,2026-02-08,False,False
ISS-1089,Retail Banking,"Execution, Delivery & Process Management",Medium,System Failure,Pass,2025-05-10,2025-07-09,,True,False
ISS-1090,Payments Ops,"Clients, Products & Business Practices",Low,Human Error,Pass,2025-12-14,2026-03-14,2026-04-06,True,False
ISS-1091,Merchant Services,External Fraud,Low,Human Error,Pass,2025-12-01,2026-03-01,2026-03-15,True,False
ISS-1092,Payments Ops,External Fraud,Low,Human Error,Pass,2026-06-29,2026-09-27,2026-06-30,False,False
ISS-1093,Cards,Internal Fraud,Low,Human Error,Pass,2025-10-13,2026-01-11,2025-12-05,False,False
ISS-1094,Retail Banking,Business Disruption & System Failures,Medium,Process Gap,Pass,2026-04-01,2026-05-31,2026-06-30,True,False
ISS-1095,Cards,Damage to Physical Assets,Medium,Process Gap,Fail,2026-06-19,2026-08-18,2026-06-30,False,False
ISS-1096,Retail Banking,"Clients, Products & Business Practices",Low,System Failure,Pass,2026-05-29,2026-08-27,2026-06-30,False,False
ISS-1097,Retail Banking,External Fraud,Low,System Failure,Pass,2026-02-13,2026-05-14,2026-04-13,False,False
ISS-1098,Digital Channels,"Execution, Delivery & Process Management",Medium,Human Error,Fail,2025-02-16,2025-04-17,2025-04-19,True,False
ISS-1099,Cards,Business Disruption & System Failures,Medium,Documentation Gap,Fail,2025-09-18,2025-11-17,2025-10-23,False,False
ISS-1100,Retail Banking,Employment Practices & Workplace Safety,Medium,Human Error,Pass,2026-01-27,2026-03-28,,True,False
ISS-1101,Retail Banking,"Execution, Delivery & Process Management",High,System Failure,Pass,2025-06-09,2025-07-09,,True,False
ISS-1102,Merchant Services,Business Disruption & System Failures,Medium,Process Gap,Pass,2026-05-28,2026-07-27,,False,False
ISS-1103,Digital Channels,Business Disruption & System Failures,Medium,Process Gap,Pass,2026-04-01,2026-05-31,2026-06-25,True,False
ISS-1104,Cards,External Fraud,High,Process Gap,Fail,2025-06-04,2025-07-04,,True,False
ISS-1105,Merchant Services,"Execution, Delivery & Process Management",High,Human Error,Fail,2025-08-28,2025-09-27,2025-09-19,False,False
ISS-1106,Merchant Services,"Execution, Delivery & Process Management",Medium,Process Gap,Pass,2025-11-28,2026-01-27,2026-02-08,True,False
ISS-1107,Retail Banking,External Fraud,Low,System Failure,Pass,2025-09-02,2025-12-01,,True,False
ISS-1108,Payments Ops,Employment Practices & Workplace Safety,Medium,Third-Party / Vendor,Fail,2026-02-06,2026-04-07,2026-04-07,False,False
ISS-1109,Merchant Services,"Execution, Delivery & Process Management",Medium,System Failure,Fail,2025-03-29,2025-05-28,2025-05-22,False,False
ISS-1110,Retail Banking,"Execution, Delivery & Process Management",High,Human Error,Pass,2025-02-15,2025-03-17,2025-04-04,True,False
ISS-1111,Merchant Services,Business Disruption & System Failures,Low,Process Gap,Pass,2026-01-24,2026-04-24,2026-01-25,False,False
ISS-1112,Payments Ops,"Execution, Delivery & Process Management",Low,Documentation Gap,Fail,2025-11-30,2026-02-28,2026-01-29,False,False
ISS-1113,Cards,External Fraud,Low,Human Error,Pass,2026-02-03,2026-05-04,2026-04-22,False,False
ISS-1114,Retail Banking,Business Disruption & System Failures,Medium,Third-Party / Vendor,Fail,2026-06-05,2026-08-04,2026-06-06,False,False
ISS-1115,Retail Banking,"Execution, Delivery & Process Management",High,System Failure,Fail,2025-03-19,2025-04-18,2025-04-19,True,False
ISS-1116,Merchant Services,Business Disruption & System Failures,Low,Human Error,Pass,2025-09-27,2025-12-26,2026-02-15,True,False
ISS-1117,Retail Banking,Employment Practices & Workplace Safety,Low,Human Error,Pass,2025-03-28,2025-06-26,2025-07-13,True,True
ISS-1118,Digital Channels,Business Disruption & System Failures,High,System Failure,Pass,2025-10-21,2025-11-20,2025-11-07,False,False
ISS-1119,Digital Channels,Business Disruption & System Failures,Medium,System Failure,Pass,2026-04-28,2026-06-27,2026-06-27,False,False
ISS-1120,Digital Channels,"Execution, Delivery & Process Management",Medium,Third-Party / Vendor,Pass,2026-05-21,2026-07-20,2026-06-30,False,False
ISS-1121,Retail Banking,"Clients, Products & Business Practices",Medium,System Failure,Pass,2026-03-24,2026-05-23,2026-05-02,False,False
ISS-1122,Digital Channels,"Execution, Delivery & Process Management",Medium,System Failure,Fail,2026-02-13,2026-04-14,2026-04-11,False,False
ISS-1123,Retail Banking,Business Disruption & System Failures,Medium,Human Error,Pass,2026-06-16,2026-08-15,,False,False
ISS-1124,Merchant Services,"Clients, Products & Business Practices",Low,System Failure,Pass,2025-07-20,2025-10-18,2025-12-04,True,False
ISS-1125,Merchant Services,Business Disruption & System Failures,High,Human Error,Fail,2026-01-08,2026-02-07,2026-01-24,False,False
ISS-1126,Cards,Business Disruption & System Failures,Medium,System Failure,Fail,2025-06-17,2025-08-16,,True,False
ISS-1127,Corporate Functions,Internal Fraud,Medium,Human Error,Pass,2025-01-17,2025-03-18,2025-02-22,False,False
ISS-1128,Cards,"Execution, Delivery & Process Management",High,Third-Party / Vendor,Pass,2025-05-25,2025-06-24,,True,False
ISS-1129,Retail Banking,"Execution, Delivery & Process Management",High,Process Gap,Pass,2025-04-20,2025-05-20,2025-05-30,True,False
ISS-1130,Retail Banking,Business Disruption & System Failures,High,Third-Party / Vendor,Fail,2025-03-03,2025-04-02,2025-04-07,True,False
ISS-1131,Payments Ops,Business Disruption & System Failures,Low,System Failure,Pass,2026-06-16,2026-09-14,2026-06-30,False,False
ISS-1132,Merchant Services,"Clients, Products & Business Practices",Low,Process Gap,Pass,2025-10-01,2025-12-30,2025-10-06,False,False
ISS-1133,Payments Ops,"Execution, Delivery & Process Management",Medium,Human Error,Pass,2025-02-03,2025-04-04,2025-03-10,False,False
ISS-1134,Digital Channels,Damage to Physical Assets,Medium,System Failure,Pass,2026-02-11,2026-04-12,2026-03-27,False,False
ISS-1135,Retail Banking,Internal Fraud,Low,Third-Party / Vendor,Pass,2025-01-16,2025-04-16,,True,False
ISS-1136,Digital Channels,"Execution, Delivery & Process Management",Low,System Failure,Pass,2025-07-28,2025-10-26,2025-11-09,True,False
ISS-1137,Cards,External Fraud,Low,Third-Party / Vendor,Pass,2026-01-12,2026-04-12,2026-01-13,False,False
ISS-1138,Digital Channels,External Fraud,Low,System Failure,Pass,2026-01-12,2026-04-12,2026-02-13,False,False
ISS-1139,Retail Banking,Business Disruption & System Failures,Low,System Failure,Pass,2025-02-26,2025-05-27,,True,False
ISS-1140,Corporate Functions,Business Disruption & System Failures,Medium,Third-Party / Vendor,Pass,2026-05-29,2026-07-28,2026-06-30,False,False
ISS-1141,Digital Channels,Business Disruption & System Failures,Medium,Process Gap,Pass,2025-09-25,2025-11-24,2025-09-26,False,False
ISS-1142,Payments Ops,"Clients, Products & Business Practices",Low,Documentation Gap,Pass,2025-09-10,2025-12-09,2025-11-12,False,False
ISS-1143,Merchant Services,Employment Practices & Workplace Safety,Medium,Documentation Gap,Pass,2026-03-19,2026-05-18,2026-06-30,True,False
ISS-1144,Merchant Services,"Execution, Delivery & Process Management",Medium,Third-Party / Vendor,Pass,2025-10-31,2025-12-30,2026-01-02,True,False
ISS-1145,Merchant Services,Business Disruption & System Failures,Medium,Documentation Gap,Pass,2025-06-01,2025-07-31,2025-08-01,True,False
ISS-1146,Retail Banking,Employment Practices & Workplace Safety,Low,Process Gap,Pass,2025-12-19,2026-03-19,2025-12-20,False,False
ISS-1147,Cards,"Clients, Products & Business Practices",Medium,System Failure,Fail,2025-06-11,2025-08-10,2025-09-07,True,False
ISS-1148,Cards,Damage to Physical Assets,Low,Third-Party / Vendor,Fail,2025-03-06,2025-06-04,,True,False
ISS-1149,Cards,Business Disruption & System Failures,High,Third-Party / Vendor,Pass,2025-01-20,2025-02-19,2025-02-24,True,False
ISS-1150,Cards,External Fraud,Medium,Process Gap,Pass,2026-02-19,2026-04-20,,True,False
ISS-1151,Retail Banking,"Clients, Products & Business Practices",Medium,Documentation Gap,Fail,2025-03-30,2025-05-29,2025-07-30,True,False
ISS-1152,Digital Channels,Business Disruption & System Failures,Medium,Third-Party / Vendor,Pass,2025-06-25,2025-08-24,2025-07-11,False,False
ISS-1153,Payments Ops,Internal Fraud,Medium,Human Error,Pass,2026-01-04,2026-03-05,,True,False
ISS-1154,Payments Ops,"Clients, Products & Business Practices",Low,Human Error,Pass,2026-05-04,2026-08-02,2026-05-17,False,False
ISS-1155,Payments Ops,"Execution, Delivery & Process Management",Low,Human Error,Pass,2025-07-15,2025-10-13,2025-11-08,True,False
ISS-1156,Cards,Employment Practices & Workplace Safety,Low,System Failure,Pass,2026-01-31,2026-05-01,2026-03-21,False,False
ISS-1157,Retail Banking,External Fraud,Medium,Human Error,Pass,2025-10-04,2025-12-03,2025-12-16,True,False
ISS-1158,Retail Banking,Employment Practices & Workplace Safety,Medium,Process Gap,Fail,2025-06-08,2025-08-07,2025-06-24,False,False
ISS-1159,Cards,"Execution, Delivery & Process Management",Low,Process Gap,Pass,2026-03-07,2026-06-05,2026-05-17,False,False
ISS-1160,Digital Channels,Business Disruption & System Failures,Low,Process Gap,Pass,2025-01-15,2025-04-15,2025-02-24,False,False
ISS-1161,Digital Channels,External Fraud,Medium,Documentation Gap,Fail,2025-02-19,2025-04-20,2025-03-30,False,False
ISS-1162,Payments Ops,"Clients, Products & Business Practices",Medium,Human Error,Pass,2025-09-05,2025-11-04,2025-12-03,True,False
ISS-1163,Digital Channels,Internal Fraud,Low,Human Error,Pass,2025-09-12,2025-12-11,2025-12-04,False,False
ISS-1164,Payments Ops,Business Disruption & System Failures,Medium,Human Error,Pass,2026-03-17,2026-05-16,2026-05-10,False,False
ISS-1165,Retail Banking,"Execution, Delivery & Process Management",Low,Process Gap,Pass,2025-09-05,2025-12-04,2025-11-10,False,False
ISS-1166,Retail Banking,"Execution, Delivery & Process Management",Low,Process Gap,Pass,2025-10-20,2026-01-18,2025-12-03,False,False
ISS-1167,Payments Ops,"Execution, Delivery & Process Management",Low,System Failure,Pass,2026-06-23,2026-09-21,2026-06-30,False,False
ISS-1168,Merchant Services,Business Disruption & System Failures,Low,System Failure,Fail,2025-04-25,2025-07-24,2025-08-26,True,False
ISS-1169,Merchant Services,External Fraud,Medium,Human Error,Pass,2025-08-09,2025-10-08,2025-09-17,False,False
ISS-1170,Corporate Functions,"Execution, Delivery & Process Management",Medium,Human Error,Pass,2025-05-17,2025-07-16,2025-07-25,True,False
ISS-1171,Merchant Services,Employment Practices & Workplace Safety,High,System Failure,Pass,2025-09-14,2025-10-14,2025-10-16,True,False
ISS-1172,Merchant Services,Business Disruption & System Failures,Medium,Process Gap,Pass,2025-01-25,2025-03-26,2025-03-03,False,False
ISS-1173,Payments Ops,Business Disruption & System Failures,Low,Third-Party / Vendor,Pass,2025-06-17,2025-09-15,2025-08-01,False,False
ISS-1174,Retail Banking,External Fraud,Medium,Human Error,Pass,2025-07-29,2025-09-27,,True,False
ISS-1175,Retail Banking,"Execution, Delivery & Process Management",Low,Human Error,Pass,2025-03-12,2025-06-10,2025-05-22,False,False
ISS-1176,Payments Ops,Business Disruption & System Failures,Low,Documentation Gap,Pass,2025-09-05,2025-12-04,2025-12-11,True,False
ISS-1177,Retail Banking,"Execution, Delivery & Process Management",Medium,System Failure,Fail,2026-03-02,2026-05-01,2026-04-17,False,False
ISS-1178,Retail Banking,"Clients, Products & Business Practices",High,Human Error,Fail,2026-06-25,2026-07-25,2026-06-30,False,False
ISS-1179,Merchant Services,External Fraud,High,Third-Party / Vendor,Fail,2025-11-08,2025-12-08,2025-11-10,False,False
ISS-1180,Corporate Functions,External Fraud,Medium,Third-Party / Vendor,Pass,2026-01-24,2026-03-25,2026-04-28,True,False
ISS-1181,Retail Banking,"Clients, Products & Business Practices",Medium,Process Gap,Fail,2025-10-31,2025-12-30,,True,False
ISS-1182,Retail Banking,Business Disruption & System Failures,Medium,Human Error,Fail,2026-01-17,2026-03-18,2026-02-13,False,False
ISS-1183,Cards,Business Disruption & System Failures,Low,Process Gap,Pass,2025-09-10,2025-12-09,2026-01-16,True,False
ISS-1184,Cards,Employment Practices & Workplace Safety,Low,System Failure,Pass,2026-02-09,2026-05-10,2026-02-18,False,False
ISS-1185,Cards,External Fraud,Low,Process Gap,Pass,2025-01-16,2025-04-16,2025-01-17,False,False
ISS-1186,Merchant Services,Employment Practices & Workplace Safety,Medium,Documentation Gap,Pass,2025-09-20,2025-11-19,2025-10-28,False,False
ISS-1187,Retail Banking,"Execution, Delivery & Process Management",Low,Third-Party / Vendor,Pass,2025-12-09,2026-03-09,,True,False
ISS-1188,Retail Banking,Business Disruption & System Failures,Medium,Human Error,Fail,2025-08-27,2025-10-26,2025-10-11,False,False
ISS-1189,Retail Banking,"Clients, Products & Business Practices",Medium,System Failure,Pass,2025-10-22,2025-12-21,2025-11-23,False,True
ISS-1190,Corporate Functions,Damage to Physical Assets,Medium,Documentation Gap,Fail,2025-03-19,2025-05-18,2025-05-18,False,False
ISS-1191,Cards,"Execution, Delivery & Process Management",Medium,System Failure,Fail,2025-07-28,2025-09-26,2025-10-09,True,False
ISS-1192,Cards,"Execution, Delivery & Process Management",Medium,System Failure,Pass,2025-04-01,2025-05-31,2025-04-20,False,False
ISS-1193,Cards,Business Disruption & System Failures,Low,Process Gap,Pass,2025-02-27,2025-05-28,2025-06-29,True,False
ISS-1194,Cards,Business Disruption & System Failures,Low,Third-Party / Vendor,Fail,2025-08-09,2025-11-07,2025-10-12,False,False
ISS-1195,Cards,Business Disruption & System Failures,Medium,System Failure,Fail,2025-08-03,2025-10-02,2025-10-30,True,False
ISS-1196,Retail Banking,"Clients, Products & Business Practices",Medium,System Failure,Pass,2026-06-01,2026-07-31,2026-06-30,False,False
ISS-1197,Retail Banking,Business Disruption & System Failures,Low,Human Error,Pass,2026-06-04,2026-09-02,2026-06-30,False,False
ISS-1198,Merchant Services,"Execution, Delivery & Process Management",Medium,Third-Party / Vendor,Pass,2025-09-28,2025-11-27,2025-10-19,False,False
ISS-1199,Retail Banking,"Execution, Delivery & Process Management",High,System Failure,Fail,2025-05-26,2025-06-25,,True,False
ISS-1200,Cards,"Execution, Delivery & Process Management",Low,System Failure,Pass,2025-06-20,2025-09-18,,True,False
ISS-1201,Corporate Functions,External Fraud,Medium,System Failure,Pass,2025-04-19,2025-06-18,2025-06-22,True,False
ISS-1202,Cards,"Execution, Delivery & Process Management",Medium,System Failure,Pass,2026-01-11,2026-03-12,2026-02-18,False,False
ISS-1203,Corporate Functions,Business Disruption & System Failures,Low,Process Gap,Pass,2026-01-24,2026-04-24,2026-04-16,False,False
ISS-1204,Payments Ops,Business Disruption & System Failures,Medium,Documentation Gap,Pass,2025-12-23,2026-02-21,2026-02-14,False,False
ISS-1205,Corporate Functions,External Fraud,Medium,System Failure,Fail,2025-05-01,2025-06-30,2025-05-12,False,False
ISS-1206,Payments Ops,Employment Practices & Workplace Safety,High,System Failure,Fail,2025-04-11,2025-05-11,2025-04-23,False,False
ISS-1207,Cards,Internal Fraud,Medium,Third-Party / Vendor,Pass,2026-03-02,2026-05-01,2026-04-24,False,False
ISS-1208,Payments Ops,"Execution, Delivery & Process Management",High,System Failure,Pass,2025-02-04,2025-03-06,2025-02-25,False,False
ISS-1209,Payments Ops,"Execution, Delivery & Process Management",Medium,Process Gap,Fail,2026-06-06,2026-08-05,2026-06-30,False,False
ISS-1210,Corporate Functions,Internal Fraud,Low,Process Gap,Pass,2025-02-05,2025-05-06,2025-05-24,True,False
ISS-1211,Retail Banking,"Execution, Delivery & Process Management",Low,Process Gap,Pass,2026-04-15,2026-07-14,2026-06-30,False,False
ISS-1212,Cards,"Execution, Delivery & Process Management",Medium,Human Error,Pass,2026-02-18,2026-04-19,2026-04-01,False,False
ISS-1213,Payments Ops,"Execution, Delivery & Process Management",Low,Process Gap,Pass,2025-01-13,2025-04-13,2025-01-14,False,False
ISS-1214,Cards,"Execution, Delivery & Process Management",Medium,Process Gap,Pass,2026-03-07,2026-05-06,2026-04-02,False,False
ISS-1215,Payments Ops,Business Disruption & System Failures,Medium,Human Error,Pass,2026-05-10,2026-07-09,2026-06-30,False,False
ISS-1216,Digital Channels,Business Disruption & System Failures,Medium,Process Gap,Pass,2025-01-10,2025-03-11,2025-02-08,False,False
ISS-1217,Retail Banking,"Execution, Delivery & Process Management",Low,System Failure,Fail,2025-06-27,2025-09-25,2025-08-18,False,False
ISS-1218,Retail Banking,External Fraud,Low,System Failure,Pass,2026-01-13,2026-04-13,2026-02-27,False,False
ISS-1219,Payments Ops,"Clients, Products & Business Practices",High,System Failure,Fail,2026-03-24,2026-04-23,2026-04-28,True,False
ISS-1220,Merchant Services,"Execution, Delivery & Process Management",Medium,Human Error,Fail,2025-11-20,2026-01-19,2026-02-21,True,False
ISS-1221,Payments Ops,Employment Practices & Workplace Safety,Low,System Failure,Pass,2026-01-18,2026-04-18,,True,False
ISS-1222,Corporate Functions,Business Disruption & System Failures,High,System Failure,Pass,2025-07-15,2025-08-14,2025-08-07,False,False
ISS-1223,Retail Banking,"Clients, Products & Business Practices",Low,Process Gap,Pass,2025-04-29,2025-07-28,2025-07-13,False,False
ISS-1224,Digital Channels,"Execution, Delivery & Process Management",Low,Third-Party / Vendor,Pass,2025-12-21,2026-03-21,2026-02-17,False,False
ISS-1225,Retail Banking,"Clients, Products & Business Practices",Medium,System Failure,Fail,2026-05-23,2026-07-22,2026-06-30,False,False
ISS-1226,Cards,Business Disruption & System Failures,Low,Documentation Gap,Pass,2025-04-15,2025-07-14,,True,False
ISS-1227,Retail Banking,Business Disruption & System Failures,High,Process Gap,Fail,2026-06-28,2026-07-28,2026-06-30,False,False
ISS-1228,Corporate Functions,"Clients, Products & Business Practices",Medium,Documentation Gap,Pass,2025-08-10,2025-10-09,2025-10-17,True,False
ISS-1229,Payments Ops,"Execution, Delivery & Process Management",Medium,System Failure,Fail,2025-05-21,2025-07-20,2025-06-16,False,False
ISS-1230,Digital Channels,"Execution, Delivery & Process Management",Low,Documentation Gap,Pass,2025-03-31,2025-06-29,2025-06-23,False,False
ISS-1231,Cards,"Clients, Products & Business Practices",Low,Human Error,Pass,2026-02-07,2026-05-08,2026-05-06,False,False
ISS-1232,Cards,Business Disruption & System Failures,High,Process Gap,Pass,2026-06-01,2026-07-01,2026-06-30,False,False
ISS-1233,Retail Banking,"Execution, Delivery & Process Management",Low,Process Gap,Pass,2025-02-01,2025-05-02,2025-04-05,False,False
ISS-1234,Digital Channels,"Clients, Products & Business Practices",Low,Third-Party / Vendor,Fail,2025-03-12,2025-06-10,2025-07-25,True,True
ISS-1235,Payments Ops,External Fraud,Low,Documentation Gap,Pass,2025-05-10,2025-08-08,2025-06-22,False,False
ISS-1236,Digital Channels,Business Disruption & System Failures,Low,Third-Party / Vendor,Pass,2026-05-04,2026-08-02,2026-06-30,False,False
ISS-1237,Cards,"Execution, Delivery & Process Management",Medium,Third-Party / Vendor,Fail,2025-03-24,2025-05-23,2025-05-02,False,False
ISS-1238,Payments Ops,Business Disruption & System Failures,Low,Human Error,Pass,2025-04-14,2025-07-13,2025-06-04,False,False
ISS-1239,Cards,Internal Fraud,High,Human Error,Pass,2025-03-04,2025-04-03,2025-03-22,False,False
ISS-1240,Corporate Functions,External Fraud,Low,Third-Party / Vendor,Pass,2026-06-24,2026-09-22,2026-06-30,False,False
ISS-1241,Digital Channels,Business Disruption & System Failures,Medium,System Failure,Pass,2025-02-01,2025-04-02,2025-04-13,True,False
ISS-1242,Retail Banking,"Clients, Products & Business Practices",Medium,Documentation Gap,Fail,2025-09-30,2025-11-29,2025-11-15,False,False
ISS-1243,Corporate Functions,"Execution, Delivery & Process Management",Medium,Process Gap,Pass,2026-03-17,2026-05-16,2026-05-06,False,False
ISS-1244,Corporate Functions,Employment Practices & Workplace Safety,Low,Third-Party / Vendor,Fail,2025-05-08,2025-08-06,2025-06-22,False,False
ISS-1245,Corporate Functions,Business Disruption & System Failures,Low,Human Error,Fail,2025-08-28,2025-11-26,2025-10-07,False,False
ISS-1246,Cards,"Execution, Delivery & Process Management",Medium,System Failure,Pass,2026-02-14,2026-04-15,2026-03-16,False,False
ISS-1247,Cards,External Fraud,Medium,System Failure,Pass,2025-10-24,2025-12-23,2026-01-27,True,False
ISS-1248,Payments Ops,Business Disruption & System Failures,Medium,Human Error,Pass,2025-11-13,2026-01-12,2026-02-26,True,False
ISS-1249,Cards,"Clients, Products & Business Practices",Low,Documentation Gap,Pass,2025-07-18,2025-10-16,2025-11-28,True,False
ISS-1250,Corporate Functions,"Clients, Products & Business Practices",Medium,Human Error,Fail,2025-05-27,2025-07-26,2025-07-18,False,False
ISS-1251,Retail Banking,Business Disruption & System Failures,Low,System Failure,Fail,2026-02-23,2026-05-24,2026-06-30,True,False
ISS-1252,Retail Banking,Employment Practices & Workplace Safety,Low,Documentation Gap,Pass,2025-10-22,2026-01-20,2026-01-06,False,False
ISS-1253,Cards,"Execution, Delivery & Process Management",Low,System Failure,Pass,2025-11-25,2026-02-23,2026-01-24,False,False
ISS-1254,Digital Channels,"Clients, Products & Business Practices",Medium,System Failure,Fail,2026-01-30,2026-03-31,2026-03-20,False,False
ISS-1255,Payments Ops,Business Disruption & System Failures,Low,Human Error,Pass,2025-01-08,2025-04-08,2025-02-15,False,False
ISS-1256,Payments Ops,"Execution, Delivery & Process Management",Medium,System Failure,Pass,2025-08-08,2025-10-07,2025-10-27,True,False
ISS-1257,Cards,External Fraud,Low,System Failure,Pass,2025-11-17,2026-02-15,2026-04-09,True,False
ISS-1258,Merchant Services,"Execution, Delivery & Process Management",High,Human Error,Pass,2025-03-18,2025-04-17,2025-04-18,True,False
ISS-1259,Corporate Functions,Business Disruption & System Failures,Medium,System Failure,Pass,2025-11-06,2026-01-05,2025-11-29,False,False
ISS-1260,Retail Banking,"Clients, Products & Business Practices",Medium,Process Gap,Pass,2026-04-13,2026-06-12,2026-05-13,False,False
ISS-1261,Payments Ops,Employment Practices & Workplace Safety,Low,Third-Party / Vendor,Pass,2025-01-14,2025-04-14,2025-04-07,False,False
ISS-1262,Merchant Services,"Clients, Products & Business Practices",Medium,Documentation Gap,Fail,2025-01-24,2025-03-25,2025-02-17,False,False
ISS-1263,Retail Banking,"Clients, Products & Business Practices",Low,System Failure,Pass,2026-04-10,2026-07-09,2026-05-17,False,False
ISS-1264,Payments Ops,Damage to Physical Assets,Low,System Failure,Pass,2026-05-12,2026-08-10,2026-06-08,False,False
ISS-1265,Retail Banking,Damage to Physical Assets,Low,Documentation Gap,Pass,2025-05-28,2025-08-26,2025-08-20,False,False
ISS-1266,Cards,"Execution, Delivery & Process Management",Medium,Process Gap,Pass,2025-03-19,2025-05-18,2025-03-26,False,False
ISS-1267,Merchant Services,External Fraud,Low,Documentation Gap,Fail,2026-05-29,2026-08-27,2026-06-30,False,False
ISS-1268,Retail Banking,Employment Practices & Workplace Safety,Medium,Third-Party / Vendor,Pass,2025-01-28,2025-03-29,2025-04-07,True,False
ISS-1269,Retail Banking,"Execution, Delivery & Process Management",Medium,Process Gap,Pass,2026-03-17,2026-05-16,,True,False
ISS-1270,Merchant Services,"Clients, Products & Business Practices",Medium,Process Gap,Pass,2025-07-02,2025-08-31,2025-08-07,False,False
ISS-1271,Digital Channels,Employment Practices & Workplace Safety,Low,Third-Party / Vendor,Pass,2025-10-22,2026-01-20,2026-01-03,False,False
ISS-1272,Cards,"Execution, Delivery & Process Management",Low,System Failure,Pass,2026-02-05,2026-05-06,,True,False
ISS-1273,Payments Ops,External Fraud,Low,System Failure,Pass,2025-06-26,2025-09-24,2025-09-13,False,False
ISS-1274,Payments Ops,Business Disruption & System Failures,High,System Failure,Fail,2026-03-13,2026-04-12,2026-03-14,False,False
ISS-1275,Merchant Services,Business Disruption & System Failures,Medium,System Failure,Pass,2026-04-03,2026-06-02,2026-06-30,True,False
ISS-1276,Payments Ops,Employment Practices & Workplace Safety,Low,Process Gap,Fail,2025-05-26,2025-08-24,,True,False
ISS-1277,Payments Ops,"Clients, Products & Business Practices",High,System Failure,Pass,2026-05-16,2026-06-15,2026-05-25,False,False
ISS-1278,Retail Banking,"Execution, Delivery & Process Management",Medium,Process Gap,Fail,2025-12-28,2026-02-26,2026-03-27,True,False
ISS-1279,Payments Ops,Business Disruption & System Failures,Low,Human Error,Pass,2025-08-10,2025-11-08,2025-12-02,True,False
ISS-1280,Digital Channels,"Clients, Products & Business Practices",Medium,Human Error,Fail,2026-06-19,2026-08-18,2026-06-30,False,False
ISS-1281,Digital Channels,"Clients, Products & Business Practices",Medium,Human Error,Pass,2025-04-18,2025-06-17,2025-06-01,False,False
ISS-1282,Cards,"Clients, Products & Business Practices",Low,System Failure,Pass,2026-03-04,2026-06-02,2026-06-30,True,False
ISS-1283,Cards,Business Disruption & System Failures,Medium,System Failure,Fail,2025-09-19,2025-11-18,2025-10-29,False,False
ISS-1284,Retail Banking,External Fraud,High,Third-Party / Vendor,Pass,2025-09-02,2025-10-02,2025-10-02,False,False
ISS-1285,Cards,Employment Practices & Workplace Safety,Medium,Process Gap,Fail,2026-06-09,2026-08-08,2026-06-30,False,False
ISS-1286,Merchant Services,Internal Fraud,Low,Process Gap,Pass,2025-04-15,2025-07-14,,True,False
ISS-1287,Cards,External Fraud,Low,Third-Party / Vendor,Pass,2025-01-28,2025-04-28,2025-06-02,True,False
ISS-1288,Cards,Business Disruption & System Failures,Medium,System Failure,Pass,2026-02-13,2026-04-14,,True,False
ISS-1289,Retail Banking,Business Disruption & System Failures,High,Human Error,Fail,2025-09-24,2025-10-24,2025-10-26,True,False
ISS-1290,Digital Channels,"Clients, Products & Business Practices",Medium,Third-Party / Vendor,Pass,2026-02-05,2026-04-06,2026-04-23,True,False
ISS-1291,Corporate Functions,"Execution, Delivery & Process Management",Low,System Failure,Pass,2025-01-09,2025-04-09,2025-02-20,False,False
ISS-1292,Retail Banking,Business Disruption & System Failures,Low,System Failure,Pass,2025-09-02,2025-12-01,2025-12-01,False,False
ISS-1293,Cards,Internal Fraud,High,Process Gap,Fail,2025-12-12,2026-01-11,2025-12-20,False,False
ISS-1294,Cards,Business Disruption & System Failures,Medium,Human Error,Pass,2025-10-13,2025-12-12,2025-12-18,True,False
ISS-1295,Cards,Business Disruption & System Failures,Medium,Third-Party / Vendor,Fail,2025-10-24,2025-12-23,,True,False
ISS-1296,Merchant Services,Internal Fraud,Medium,System Failure,Pass,2025-09-27,2025-11-26,2025-11-05,False,False
ISS-1297,Payments Ops,"Execution, Delivery & Process Management",Medium,Third-Party / Vendor,Pass,2026-06-21,2026-08-20,2026-06-30,False,False
ISS-1298,Retail Banking,"Clients, Products & Business Practices",Low,Third-Party / Vendor,Pass,2026-05-03,2026-08-01,2026-06-30,False,False
ISS-1299,Cards,Business Disruption & System Failures,Medium,System Failure,Pass,2025-04-02,2025-06-01,2025-04-20,False,False
ISS-1300,Retail Banking,"Clients, Products & Business Practices",Low,Process Gap,Pass,2025-04-25,2025-07-24,2025-07-24,False,False
ISS-1301,Digital Channels,"Clients, Products & Business Practices",Medium,Third-Party / Vendor,Pass,2026-02-23,2026-04-24,2026-04-06,False,False
ISS-1302,Payments Ops,"Execution, Delivery & Process Management",Medium,Third-Party / Vendor,Pass,2026-05-07,2026-07-06,,False,False
ISS-1303,Digital Channels,Business Disruption & System Failures,Low,System Failure,Pass,2025-02-13,2025-05-14,2025-04-02,False,False
ISS-1304,Cards,"Clients, Products & Business Practices",Medium,Third-Party / Vendor,Pass,2025-02-12,2025-04-13,2025-04-17,True,False
ISS-1305,Digital Channels,"Execution, Delivery & Process Management",Medium,Documentation Gap,Pass,2026-06-24,2026-08-23,2026-06-30,False,False
ISS-1306,Cards,Business Disruption & System Failures,Medium,System Failure,Pass,2025-12-16,2026-02-14,2026-01-12,False,False
ISS-1307,Digital Channels,Employment Practices & Workplace Safety,Medium,Process Gap,Pass,2025-12-02,2026-01-31,2025-12-20,False,False
ISS-1308,Payments Ops,Internal Fraud,Medium,Process Gap,Pass,2025-08-18,2025-10-17,2025-09-15,False,False
ISS-1309,Cards,"Execution, Delivery & Process Management",Low,Documentation Gap,Fail,2025-05-26,2025-08-24,2025-07-28,False,False
ISS-1310,Cards,Employment Practices & Workplace Safety,Medium,Process Gap,Fail,2026-02-17,2026-04-18,2026-04-04,False,False
ISS-1311,Payments Ops,"Execution, Delivery & Process Management",High,System Failure,Pass,2025-04-21,2025-05-21,,True,False
ISS-1312,Retail Banking,"Execution, Delivery & Process Management",Medium,Human Error,Pass,2025-07-04,2025-09-02,,True,False
ISS-1313,Merchant Services,Business Disruption & System Failures,Medium,Process Gap,Pass,2026-05-15,2026-07-14,2026-06-05,False,False
ISS-1314,Digital Channels,"Execution, Delivery & Process Management",Medium,Process Gap,Pass,2025-07-05,2025-09-03,2025-08-31,False,False
ISS-1315,Retail Banking,"Execution, Delivery & Process Management",Low,Human Error,Pass,2026-04-20,2026-07-19,,False,False
ISS-1316,Payments Ops,"Clients, Products & Business Practices",Medium,Process Gap,Fail,2026-05-04,2026-07-03,2026-06-30,False,False
ISS-1317,Digital Channels,Business Disruption & System Failures,Medium,System Failure,Pass,2025-07-03,2025-09-01,2025-08-13,False,False
ISS-1318,Merchant Services,External Fraud,Medium,System Failure,Pass,2025-01-28,2025-03-29,2025-04-03,True,False
ISS-1319,Merchant Services,Employment Practices & Workplace Safety,Medium,System Failure,Pass,2025-07-09,2025-09-07,,True,False
ISS-1320,Digital Channels,"Execution, Delivery & Process Management",Low,Human Error,Pass,2025-06-29,2025-09-27,2025-08-24,False,False
ISS-1321,Retail Banking,Internal Fraud,Medium,Third-Party / Vendor,Pass,2026-05-11,2026-07-10,2026-06-30,False,False
ISS-1322,Digital Channels,Internal Fraud,Medium,Documentation Gap,Pass,2025-12-05,2026-02-03,,True,False
ISS-1323,Payments Ops,Business Disruption & System Failures,Medium,Human Error,Pass,2026-04-05,2026-06-04,2026-04-08,False,False
ISS-1324,Retail Banking,"Execution, Delivery & Process Management",Low,System Failure,Pass,2026-01-28,2026-04-28,2026-05-20,True,False
ISS-1325,Cards,"Execution, Delivery & Process Management",Medium,System Failure,Pass,2025-05-16,2025-07-15,2025-06-28,False,False
ISS-1326,Merchant Services,Employment Practices & Workplace Safety,Medium,Process Gap,Pass,2026-06-04,2026-08-03,2026-06-12,False,False
ISS-1327,Payments Ops,Business Disruption & System Failures,Medium,Process Gap,Pass,2026-01-15,2026-03-16,2026-05-22,True,False
ISS-1328,Payments Ops,"Clients, Products & Business Practices",Medium,Process Gap,Pass,2025-10-13,2025-12-12,2025-11-14,False,False
ISS-1329,Retail Banking,Business Disruption & System Failures,Medium,Process Gap,Pass,2025-11-29,2026-01-28,2026-01-18,False,False
ISS-1330,Corporate Functions,"Execution, Delivery & Process Management",Medium,Human Error,Pass,2025-01-19,2025-03-20,,True,False
ISS-1331,Cards,Business Disruption & System Failures,Medium,Documentation Gap,Pass,2026-06-14,2026-08-13,,False,False
ISS-1332,Cards,"Execution, Delivery & Process Management",Low,Documentation Gap,Pass,2026-05-21,2026-08-19,2026-06-30,False,True
ISS-1333,Merchant Services,"Execution, Delivery & Process Management",Medium,Human Error,Pass,2026-04-08,2026-06-07,2026-04-23,False,False
ISS-1334,Corporate Functions,Business Disruption & System Failures,Low,Human Error,Pass,2025-11-17,2026-02-15,2025-12-12,False,False
ISS-1335,Payments Ops,"Execution, Delivery & Process Management",Medium,Process Gap,Pass,2025-06-16,2025-08-15,2025-08-15,False,False
ISS-1336,Cards,Internal Fraud,Medium,System Failure,Pass,2025-12-12,2026-02-10,2026-03-07,True,False
ISS-1337,Merchant Services,Business Disruption & System Failures,Low,System Failure,Pass,2025-07-21,2025-10-19,2025-09-16,False,False
ISS-1338,Corporate Functions,"Execution, Delivery & Process Management",Medium,Process Gap,Fail,2025-04-02,2025-06-01,2025-06-02,True,False
ISS-1339,Merchant Services,"Execution, Delivery & Process Management",Medium,System Failure,Pass,2025-12-08,2026-02-06,2026-01-24,False,False
ISS-1340,Cards,Employment Practices & Workplace Safety,Medium,Documentation Gap,Fail,2025-12-13,2026-02-11,2026-01-13,False,False
ISS-1341,Digital Channels,External Fraud,Low,System Failure,Pass,2025-08-05,2025-11-03,,True,False
ISS-1342,Retail Banking,"Execution, Delivery & Process Management",Medium,Process Gap,Pass,2026-01-01,2026-03-02,2026-02-02,False,False
ISS-1343,Payments Ops,"Execution, Delivery & Process Management",Low,Third-Party / Vendor,Pass,2025-09-27,2025-12-26,2025-12-30,True,False
ISS-1344,Retail Banking,"Execution, Delivery & Process Management",Medium,Human Error,Fail,2025-07-08,2025-09-06,2025-09-18,True,False
ISS-1345,Retail Banking,External Fraud,Medium,Documentation Gap,Pass,2025-05-24,2025-07-23,2025-07-04,False,False
ISS-1346,Digital Channels,"Clients, Products & Business Practices",Medium,Process Gap,Pass,2026-06-13,2026-08-12,2026-06-30,False,False
ISS-1347,Cards,Business Disruption & System Failures,Medium,Human Error,Pass,2025-12-25,2026-02-23,,True,False
ISS-1348,Payments Ops,"Execution, Delivery & Process Management",Low,System Failure,Pass,2026-04-09,2026-07-08,,False,False
ISS-1349,Merchant Services,"Execution, Delivery & Process Management",Low,System Failure,Pass,2025-08-01,2025-10-30,2025-09-27,False,False
ISS-1350,Merchant Services,"Execution, Delivery & Process Management",Low,Human Error,Pass,2026-01-12,2026-04-12,2026-06-05,True,False
ISS-1351,Retail Banking,Employment Practices & Workplace Safety,Medium,Human Error,Pass,2026-06-16,2026-08-15,2026-06-30,False,False
ISS-1352,Retail Banking,Internal Fraud,Medium,Documentation Gap,Pass,2026-02-13,2026-04-14,2026-03-04,False,False
ISS-1353,Digital Channels,Employment Practices & Workplace Safety,Medium,System Failure,Pass,2025-07-22,2025-09-20,2025-10-01,True,False
ISS-1354,Retail Banking,"Clients, Products & Business Practices",Medium,Process Gap,Pass,2026-02-10,2026-04-11,2026-03-29,False,False
ISS-1355,Cards,External Fraud,Medium,Human Error,Pass,2026-03-15,2026-05-14,2026-04-24,False,False
ISS-1356,Digital Channels,"Clients, Products & Business Practices",Medium,System Failure,Pass,2026-06-14,2026-08-13,2026-06-30,False,False
ISS-1357,Cards,"Execution, Delivery & Process Management",High,Documentation Gap,Fail,2026-02-03,2026-03-05,2026-03-31,True,False
ISS-1358,Cards,Business Disruption & System Failures,Low,Human Error,Pass,2026-06-11,2026-09-09,2026-06-30,False,False
ISS-1359,Digital Channels,"Execution, Delivery & Process Management",High,Third-Party / Vendor,Pass,2026-01-21,2026-02-20,2026-03-04,True,False
ISS-1360,Merchant Services,Business Disruption & System Failures,Low,Process Gap,Pass,2025-04-23,2025-07-22,2025-11-06,True,False
ISS-1361,Cards,Business Disruption & System Failures,High,Human Error,Fail,2026-05-26,2026-06-25,2026-06-29,True,False
ISS-1362,Retail Banking,External Fraud,Medium,System Failure,Fail,2025-07-27,2025-09-25,2025-08-26,False,False
ISS-1363,Digital Channels,Business Disruption & System Failures,Low,Process Gap,Pass,2025-10-21,2026-01-19,2026-02-12,True,False
ISS-1364,Payments Ops,"Clients, Products & Business Practices",High,Process Gap,Pass,2026-03-22,2026-04-21,2026-04-25,True,False
ISS-1365,Digital Channels,Business Disruption & System Failures,Medium,System Failure,Pass,2025-03-12,2025-05-11,2025-04-10,False,False
ISS-1366,Payments Ops,"Clients, Products & Business Practices",Low,Human Error,Pass,2025-01-05,2025-04-05,,True,False
ISS-1367,Merchant Services,Internal Fraud,Medium,Process Gap,Pass,2025-07-07,2025-09-05,2025-11-04,True,False
ISS-1368,Cards,External Fraud,Medium,System Failure,Fail,2025-11-29,2026-01-28,2026-01-19,False,False
ISS-1369,Retail Banking,Internal Fraud,Low,Process Gap,Pass,2026-04-13,2026-07-12,2026-06-30,False,False
ISS-1370,Payments Ops,"Execution, Delivery & Process Management",Low,Process Gap,Fail,2026-02-20,2026-05-21,,True,False
ISS-1371,Cards,"Execution, Delivery & Process Management",Low,Documentation Gap,Pass,2025-01-11,2025-04-11,,True,False
ISS-1372,Corporate Functions,"Execution, Delivery & Process Management",Low,Process Gap,Pass,2025-06-02,2025-08-31,2025-07-25,False,False
ISS-1373,Retail Banking,Internal Fraud,Low,Process Gap,Pass,2025-08-16,2025-11-14,2026-01-03,True,False
ISS-1374,Digital Channels,Internal Fraud,Medium,Process Gap,Pass,2026-06-24,2026-08-23,2026-06-30,False,False
ISS-1375,Cards,Internal Fraud,Medium,Human Error,Pass,2025-11-04,2026-01-03,2025-11-30,False,False
ISS-1376,Digital Channels,"Clients, Products & Business Practices",Medium,System Failure,Pass,2025-07-03,2025-09-01,,True,False
ISS-1377,Retail Banking,Employment Practices & Workplace Safety,Low,Human Error,Pass,2025-09-22,2025-12-21,,True,False
ISS-1378,Payments Ops,Employment Practices & Workplace Safety,Low,Human Error,Pass,2025-07-30,2025-10-28,2025-11-22,True,False
ISS-1379,Payments Ops,Business Disruption & System Failures,Medium,Human Error,Fail,2025-03-28,2025-05-27,2025-04-20,False,False
ISS-1380,Payments Ops,"Clients, Products & Business Practices",Low,Process Gap,Pass,2025-09-04,2025-12-03,2026-01-18,True,False
ISS-1381,Retail Banking,Employment Practices & Workplace Safety,High,Third-Party / Vendor,Fail,2026-01-07,2026-02-06,,True,False
ISS-1382,Merchant Services,"Execution, Delivery & Process Management",Low,System Failure,Fail,2025-05-27,2025-08-25,2025-07-14,False,False
ISS-1383,Retail Banking,"Execution, Delivery & Process Management",Low,System Failure,Fail,2025-06-15,2025-09-13,2025-08-28,False,False
ISS-1384,Merchant Services,Internal Fraud,Low,System Failure,Pass,2025-11-17,2026-02-15,2026-02-26,True,False
ISS-1385,Digital Channels,Business Disruption & System Failures,Low,Process Gap,Pass,2026-01-17,2026-04-17,2026-03-13,False,False
ISS-1386,Corporate Functions,"Execution, Delivery & Process Management",Low,Human Error,Fail,2025-05-05,2025-08-03,2025-07-19,False,False
ISS-1387,Payments Ops,Business Disruption & System Failures,Medium,Documentation Gap,Pass,2025-08-06,2025-10-05,2025-09-18,False,False
ISS-1388,Digital Channels,"Execution, Delivery & Process Management",Medium,Human Error,Fail,2026-02-23,2026-04-24,2026-05-27,True,False
ISS-1389,Merchant Services,Business Disruption & System Failures,Low,Human Error,Pass,2025-04-14,2025-07-13,2025-05-04,False,False
ISS-1390,Digital Channels,External Fraud,Medium,Process Gap,Pass,2026-05-15,2026-07-14,2026-06-30,False,False
ISS-1391,Corporate Functions,"Execution, Delivery & Process Management",Medium,Human Error,Fail,2026-01-05,2026-03-06,2026-02-16,False,False
ISS-1392,Merchant Services,"Execution, Delivery & Process Management",High,System Failure,Pass,2025-01-13,2025-02-12,2025-02-17,True,False
ISS-1393,Corporate Functions,"Execution, Delivery & Process Management",Low,System Failure,Pass,2026-03-11,2026-06-09,,True,False
ISS-1394,Merchant Services,Employment Practices & Workplace Safety,Medium,System Failure,Pass,2025-12-08,2026-02-06,2026-01-27,False,False
ISS-1395,Digital Channels,Internal Fraud,Low,System Failure,Pass,2026-04-24,2026-07-23,2026-06-30,False,False
ISS-1396,Retail Banking,"Execution, Delivery & Process Management",Medium,Process Gap,Pass,2025-11-01,2025-12-31,2025-12-09,False,False
ISS-1397,Cards,Employment Practices & Workplace Safety,Low,Process Gap,Pass,2025-06-21,2025-09-19,2025-10-05,True,False
ISS-1398,Retail Banking,External Fraud,High,Documentation Gap,Fail,2025-04-20,2025-05-20,2025-04-28,False,False
ISS-1399,Digital Channels,"Execution, Delivery & Process Management",Medium,Process Gap,Fail,2025-04-22,2025-06-21,2025-08-03,True,False
ISS-1400,Retail Banking,"Execution, Delivery & Process Management",Medium,Human Error,Pass,2025-09-24,2025-11-23,2025-10-14,False,False
ISS-1401,Merchant Services,"Execution, Delivery & Process Management",Low,Documentation Gap,Pass,2025-09-03,2025-12-02,2025-10-08,False,False
ISS-1402,Payments Ops,Internal Fraud,Low,Human Error,Pass,2025-10-31,2026-01-29,,True,False
ISS-1403,Merchant Services,"Execution, Delivery & Process Management",Medium,Human Error,Pass,2025-01-24,2025-03-25,2025-02-26,False,False
ISS-1404,Cards,Business Disruption & System Failures,Low,Human Error,Pass,2025-01-31,2025-05-01,2025-03-31,False,False
ISS-1405,Corporate Functions,Damage to Physical Assets,Medium,Process Gap,Fail,2025-12-31,2026-03-01,2026-02-13,False,False
ISS-1406,Payments Ops,"Clients, Products & Business Practices",Medium,System Failure,Fail,2025-11-02,2026-01-01,,True,False
ISS-1407,Payments Ops,"Clients, Products & Business Practices",Medium,Process Gap,Pass,2025-06-26,2025-08-25,2025-08-24,False,False
ISS-1408,Retail Banking,Business Disruption & System Failures,Medium,Human Error,Pass,2025-09-19,2025-11-18,2025-12-15,True,True
ISS-1409,Digital Channels,"Execution, Delivery & Process Management",Medium,Process Gap,Pass,2025-02-12,2025-04-13,2025-03-02,False,False
ISS-1410,Payments Ops,Damage to Physical Assets,Low,Human Error,Fail,2026-01-18,2026-04-18,2026-02-15,False,False
ISS-1411,Retail Banking,Business Disruption & System Failures,Low,Process Gap,Pass,2025-10-02,2025-12-31,2026-02-27,True,False
ISS-1412,Digital Channels,"Clients, Products & Business Practices",Medium,Documentation Gap,Fail,2025-08-27,2025-10-26,2025-10-07,False,False
ISS-1413,Digital Channels,"Clients, Products & Business Practices",Medium,Third-Party / Vendor,Pass,2025-10-18,2025-12-17,2025-12-26,True,False
ISS-1414,Cards,"Execution, Delivery & Process Management",Low,Process Gap,Pass,2025-06-03,2025-09-01,,True,False
ISS-1415,Merchant Services,"Execution, Delivery & Process Management",Low,Process Gap,Pass,2025-03-07,2025-06-05,2025-06-23,True,False
ISS-1416,Merchant Services,"Execution, Delivery & Process Management",High,System Failure,Fail,2025-03-06,2025-04-05,2025-04-13,True,False
ISS-1417,Cards,"Execution, Delivery & Process Management",Low,Documentation Gap,Pass,2026-02-20,2026-05-21,2026-06-30,True,False
ISS-1418,Cards,"Execution, Delivery & Process Management",High,Third-Party / Vendor,Pass,2025-11-04,2025-12-04,2025-12-07,True,False
ISS-1419,Merchant Services,"Clients, Products & Business Practices",Medium,Process Gap,Pass,2025-02-03,2025-04-04,2025-03-24,False,False
ISS-1420,Retail Banking,External Fraud,High,Third-Party / Vendor,Fail,2025-04-22,2025-05-22,2025-05-08,False,False
ISS-1421,Payments Ops,"Execution, Delivery & Process Management",Medium,Third-Party / Vendor,Pass,2026-05-21,2026-07-20,2026-06-30,False,False
ISS-1422,Payments Ops,External Fraud,Low,System Failure,Fail,2025-01-30,2025-04-30,2025-06-22,True,False
ISS-1423,Retail Banking,Damage to Physical Assets,Medium,Human Error,Fail,2025-03-20,2025-05-19,2025-05-31,True,False
ISS-1424,Corporate Functions,"Execution, Delivery & Process Management",High,System Failure,Fail,2025-08-23,2025-09-22,2025-09-30,True,False
ISS-1425,Cards,Damage to Physical Assets,Medium,Documentation Gap,Pass,2025-10-25,2025-12-24,2025-11-23,False,False
ISS-1426,Retail Banking,"Execution, Delivery & Process Management",Medium,Third-Party / Vendor,Pass,2025-03-23,2025-05-22,2025-06-26,True,False
ISS-1427,Merchant Services,"Clients, Products & Business Practices",Medium,System Failure,Fail,2026-04-29,2026-06-28,2026-06-09,False,False
ISS-1428,Corporate Functions,Business Disruption & System Failures,Low,System Failure,Pass,2025-05-30,2025-08-28,2025-09-03,True,False
ISS-1429,Cards,Business Disruption & System Failures,Low,Documentation Gap,Pass,2025-06-18,2025-09-16,2025-08-13,False,False
ISS-1430,Digital Channels,"Clients, Products & Business Practices",Medium,Human Error,Pass,2025-01-10,2025-03-11,,True,False
ISS-1431,Cards,"Execution, Delivery & Process Management",High,System Failure,Fail,2025-09-20,2025-10-20,2025-09-25,False,False
ISS-1432,Cards,External Fraud,Medium,System Failure,Pass,2026-03-28,2026-05-27,2026-06-09,True,False
ISS-1433,Cards,Business Disruption & System Failures,Medium,Third-Party / Vendor,Fail,2025-08-05,2025-10-04,2025-09-23,False,False
ISS-1434,Cards,Internal Fraud,High,Process Gap,Fail,2025-02-08,2025-03-10,2025-03-19,True,False
ISS-1435,Payments Ops,Employment Practices & Workplace Safety,Low,System Failure,Fail,2026-04-22,2026-07-21,2026-06-04,False,False
ISS-1436,Payments Ops,Business Disruption & System Failures,Low,System Failure,Pass,2025-03-18,2025-06-16,2025-04-29,False,False
ISS-1437,Cards,"Execution, Delivery & Process Management",Low,System Failure,Pass,2025-01-17,2025-04-17,2025-05-10,True,False
ISS-1438,Digital Channels,Business Disruption & System Failures,Low,Process Gap,Pass,2025-11-12,2026-02-10,2025-12-10,False,False
ISS-1439,Retail Banking,"Clients, Products & Business Practices",Low,System Failure,Pass,2025-08-08,2025-11-06,2025-10-31,False,False
ISS-1440,Digital Channels,"Clients, Products & Business Practices",Medium,Human Error,Pass,2026-05-21,2026-07-20,2026-06-23,False,False
ISS-1441,Cards,Business Disruption & System Failures,Low,Human Error,Pass,2025-11-03,2026-02-01,2026-02-20,True,True
ISS-1442,Merchant Services,Business Disruption & System Failures,Medium,Third-Party / Vendor,Pass,2025-09-07,2025-11-06,2025-10-21,False,False
ISS-1443,Cards,"Execution, Delivery & Process Management",Medium,Third-Party / Vendor,Pass,2025-04-20,2025-06-19,2025-05-17,False,False
ISS-1444,Merchant Services,Employment Practices & Workplace Safety,Low,Process Gap,Pass,2025-06-11,2025-09-09,2025-08-17,False,False
ISS-1445,Cards,"Execution, Delivery & Process Management",Medium,Human Error,Pass,2026-06-16,2026-08-15,,False,False
ISS-1446,Digital Channels,Business Disruption & System Failures,Medium,System Failure,Pass,2026-02-27,2026-04-28,2026-05-14,True,False
ISS-1447,Retail Banking,External Fraud,Medium,System Failure,Pass,2025-07-27,2025-09-25,,True,False
ISS-1448,Retail Banking,Employment Practices & Workplace Safety,Medium,Human Error,Pass,2025-09-01,2025-10-31,2025-11-08,True,False
ISS-1449,Merchant Services,"Clients, Products & Business Practices",Low,Third-Party / Vendor,Fail,2025-05-29,2025-08-27,2025-09-10,True,False
ISS-1450,Payments Ops,External Fraud,Medium,Process Gap,Pass,2025-02-16,2025-04-17,2025-03-31,False,False
ISS-1451,Cards,Business Disruption & System Failures,High,Process Gap,Pass,2026-02-17,2026-03-19,2026-03-29,True,False
ISS-1452,Retail Banking,"Execution, Delivery & Process Management",Low,Human Error,Pass,2026-05-10,2026-08-08,2026-06-30,False,False
ISS-1453,Cards,Employment Practices & Workplace Safety,Medium,System Failure,Pass,2025-05-30,2025-07-29,2025-08-10,True,False
ISS-1454,Digital Channels,Business Disruption & System Failures,High,Process Gap,Pass,2025-01-16,2025-02-15,,True,False
ISS-1455,Cards,"Execution, Delivery & Process Management",Low,Third-Party / Vendor,Pass,2025-08-31,2025-11-29,,True,False
ISS-1456,Retail Banking,Business Disruption & System Failures,Low,Process Gap,Pass,2025-08-05,2025-11-03,2025-10-09,False,False
ISS-1457,Retail Banking,Internal Fraud,Medium,System Failure,Pass,2025-02-09,2025-04-10,2025-05-11,True,False
ISS-1458,Payments Ops,"Execution, Delivery & Process Management",Medium,System Failure,Pass,2025-05-16,2025-07-15,2025-08-29,True,False
ISS-1459,Merchant Services,Employment Practices & Workplace Safety,Medium,System Failure,Pass,2026-04-21,2026-06-20,2026-06-18,False,False
ISS-1460,Digital Channels,Business Disruption & System Failures,Low,Process Gap,Fail,2026-02-24,2026-05-25,2026-05-14,False,False
ISS-1461,Cards,"Execution, Delivery & Process Management",Medium,System Failure,Pass,2026-05-16,2026-07-15,2026-05-30,False,False
ISS-1462,Digital Channels,Damage to Physical Assets,Low,Third-Party / Vendor,Pass,2026-02-24,2026-05-25,2026-04-08,False,False
ISS-1463,Merchant Services,"Execution, Delivery & Process Management",Medium,Process Gap,Fail,2025-05-25,2025-07-24,2025-06-15,False,False
ISS-1464,Retail Banking,"Clients, Products & Business Practices",Medium,Process Gap,Pass,2025-12-17,2026-02-15,2026-01-31,False,False
ISS-1465,Cards,Internal Fraud,Medium,Process Gap,Pass,2025-04-13,2025-06-12,2025-05-16,False,False
ISS-1466,Cards,Employment Practices & Workplace Safety,Low,Process Gap,Fail,2025-01-19,2025-04-19,2025-05-02,True,True
ISS-1467,Corporate Functions,"Execution, Delivery & Process Management",High,System Failure,Fail,2025-09-12,2025-10-12,2025-09-24,False,False
ISS-1468,Payments Ops,"Execution, Delivery & Process Management",Medium,Process Gap,Fail,2025-06-05,2025-08-04,2025-06-17,False,False
ISS-1469,Cards,"Execution, Delivery & Process Management",Medium,Process Gap,Pass,2026-05-21,2026-07-20,2026-06-30,False,False
ISS-1470,Payments Ops,Business Disruption & System Failures,Medium,Human Error,Fail,2025-09-19,2025-11-18,,True,False
ISS-1471,Payments Ops,Business Disruption & System Failures,Low,Documentation Gap,Pass,2025-11-29,2026-02-27,2026-02-07,False,False
ISS-1472,Merchant Services,External Fraud,Medium,System Failure,Pass,2025-09-14,2025-11-13,,True,False
ISS-1473,Retail Banking,Employment Practices & Workplace Safety,High,Third-Party / Vendor,Pass,2026-01-23,2026-02-22,2026-02-28,True,False
ISS-1474,Digital Channels,"Execution, Delivery & Process Management",High,Documentation Gap,Fail,2025-10-06,2025-11-05,,True,False
ISS-1475,Payments Ops,"Execution, Delivery & Process Management",Medium,Human Error,Fail,2025-06-04,2025-08-03,,True,False
ISS-1476,Retail Banking,"Execution, Delivery & Process Management",High,Process Gap,Fail,2025-08-27,2025-09-26,2025-09-24,False,False
ISS-1477,Retail Banking,Business Disruption & System Failures,Low,Human Error,Pass,2025-10-03,2026-01-01,2025-12-01,False,False
ISS-1478,Merchant Services,External Fraud,Low,Process Gap,Pass,2025-12-22,2026-03-22,2026-03-24,True,False
ISS-1479,Retail Banking,Business Disruption & System Failures,Low,Process Gap,Pass,2025-07-15,2025-10-13,2025-08-23,False,False
ISS-1480,Merchant Services,Employment Practices & Workplace Safety,Medium,System Failure,Fail,2026-04-29,2026-06-28,2026-05-26,False,False
ISS-1481,Corporate Functions,"Execution, Delivery & Process Management",Low,System Failure,Pass,2026-02-28,2026-05-29,2026-06-04,True,False
ISS-1482,Retail Banking,Business Disruption & System Failures,Medium,Documentation Gap,Fail,2025-06-14,2025-08-13,,True,False
ISS-1483,Cards,"Execution, Delivery & Process Management",Low,Process Gap,Pass,2026-02-06,2026-05-07,2026-06-26,True,True
ISS-1484,Payments Ops,"Execution, Delivery & Process Management",Medium,Third-Party / Vendor,Fail,2025-03-15,2025-05-14,2025-05-16,True,False
ISS-1485,Corporate Functions,"Execution, Delivery & Process Management",Low,Third-Party / Vendor,Pass,2025-11-15,2026-02-13,2026-03-06,True,False
ISS-1486,Cards,Business Disruption & System Failures,Low,Documentation Gap,Pass,2026-06-20,2026-09-18,2026-06-30,False,False
ISS-1487,Digital Channels,Internal Fraud,High,Third-Party / Vendor,Pass,2025-02-01,2025-03-03,2025-02-20,False,False
ISS-1488,Merchant Services,External Fraud,Low,Human Error,Pass,2025-03-08,2025-06-06,2025-05-07,False,False
ISS-1489,Cards,"Execution, Delivery & Process Management",Low,Process Gap,Fail,2025-07-05,2025-10-03,2025-09-22,False,False
ISS-1490,Retail Banking,Business Disruption & System Failures,High,Third-Party / Vendor,Pass,2025-12-06,2026-01-05,2025-12-07,False,True
ISS-1491,Merchant Services,"Execution, Delivery & Process Management",High,System Failure,Fail,2025-07-07,2025-08-06,2025-08-19,True,False
ISS-1492,Payments Ops,"Clients, Products & Business Practices",Low,Human Error,Pass,2025-10-22,2026-01-20,2025-12-29,False,False
ISS-1493,Cards,Employment Practices & Workplace Safety,Low,Third-Party / Vendor,Pass,2025-04-18,2025-07-17,,True,False
ISS-1494,Retail Banking,"Clients, Products & Business Practices",Medium,Human Error,Pass,2025-06-30,2025-08-29,,True,False
ISS-1495,Corporate Functions,"Execution, Delivery & Process Management",Low,Process Gap,Fail,2025-11-07,2026-02-05,2026-01-18,False,False
ISS-1496,Merchant Services,"Clients, Products & Business Practices",High,Process Gap,Fail,2025-11-21,2025-12-21,2025-12-06,False,False
ISS-1497,Payments Ops,"Execution, Delivery & Process Management",High,Process Gap,Pass,2025-02-21,2025-03-23,2025-03-17,False,False
ISS-1498,Retail Banking,"Execution, Delivery & Process Management",Medium,Process Gap,Fail,2025-10-31,2025-12-30,,True,False
ISS-1499,Retail Banking,"Clients, Products & Business Practices",Low,Third-Party / Vendor,Pass,2025-11-04,2026-02-02,2026-01-06,False,False
ISS-1500,Retail Banking,"Execution, Delivery & Process Management",Medium,Third-Party / Vendor,Pass,2026-03-04,2026-05-03,2026-04-23,False,False
ISS-1501,Retail Banking,"Execution, Delivery & Process Management",Low,Process Gap,Pass,2026-03-23,2026-06-21,2026-06-02,False,False
ISS-1502,Cards,"Execution, Delivery & Process Management",Low,Third-Party / Vendor,Pass,2025-03-13,2025-06-11,,True,False
ISS-1503,Payments Ops,Business Disruption & System Failures,Medium,Documentation Gap,Pass,2025-01-07,2025-03-08,,True,False
ISS-1504,Retail Banking,"Clients, Products & Business Practices",Low,Human Error,Pass,2025-12-26,2026-03-26,2026-05-03,True,False
ISS-1505,Corporate Functions,Business Disruption & System Failures,High,Human Error,Pass,2026-02-03,2026-03-05,,True,False
ISS-1506,Retail Banking,"Execution, Delivery & Process Management",Low,System Failure,Pass,2025-06-20,2025-09-18,2025-08-18,False,False
ISS-1507,Digital Channels,"Execution, Delivery & Process Management",Medium,Process Gap,Pass,2025-05-10,2025-07-09,,True,False
ISS-1508,Cards,"Clients, Products & Business Practices",Low,Documentation Gap,Pass,2026-06-10,2026-09-08,2026-06-30,False,False
ISS-1509,Payments Ops,Business Disruption & System Failures,Medium,System Failure,Pass,2026-06-11,2026-08-10,2026-06-30,False,False
ISS-1510,Digital Channels,External Fraud,Medium,Process Gap,Pass,2025-02-08,2025-04-09,2025-03-29,False,False
ISS-1511,Payments Ops,External Fraud,High,System Failure,Pass,2025-09-06,2025-10-06,2025-10-06,False,False
ISS-1512,Payments Ops,Employment Practices & Workplace Safety,Low,System Failure,Pass,2026-03-20,2026-06-18,2026-05-07,False,True
ISS-1513,Retail Banking,"Clients, Products & Business Practices",Low,Third-Party / Vendor,Pass,2025-04-25,2025-07-24,2025-05-01,False,False
ISS-1514,Corporate Functions,Employment Practices & Workplace Safety,Medium,System Failure,Pass,2026-03-11,2026-05-10,2026-04-12,False,False
ISS-1515,Corporate Functions,External Fraud,Low,System Failure,Pass,2025-07-01,2025-09-29,2025-08-30,False,True
ISS-1516,Retail Banking,"Execution, Delivery & Process Management",Medium,Human Error,Pass,2026-04-03,2026-06-02,2026-05-30,False,True
ISS-1517,Digital Channels,"Clients, Products & Business Practices",Low,System Failure,Pass,2025-07-16,2025-10-14,,True,False
ISS-1518,Digital Channels,External Fraud,Low,System Failure,Pass,2025-09-14,2025-12-13,,True,False
ISS-1519,Payments Ops,"Clients, Products & Business Practices",Medium,Third-Party / Vendor,Pass,2025-09-14,2025-11-13,2025-11-23,True,False
ISS-1520,Cards,Business Disruption & System Failures,Low,System Failure,Pass,2025-09-01,2025-11-30,2025-12-03,True,False
ISS-1521,Payments Ops,"Clients, Products & Business Practices",Low,System Failure,Pass,2025-12-29,2026-03-29,2026-03-02,False,False
ISS-1522,Merchant Services,"Execution, Delivery & Process Management",Medium,Process Gap,Fail,2025-05-03,2025-07-02,2025-08-19,True,False
ISS-1523,Merchant Services,"Execution, Delivery & Process Management",Low,Human Error,Pass,2026-02-09,2026-05-10,2026-04-22,False,False
ISS-1524,Retail Banking,"Execution, Delivery & Process Management",Medium,System Failure,Pass,2025-04-21,2025-06-20,2025-06-15,False,False
ISS-1525,Payments Ops,"Execution, Delivery & Process Management",High,Process Gap,Fail,2025-08-30,2025-09-29,2025-10-03,True,False
ISS-1526,Cards,External Fraud,Low,System Failure,Fail,2025-09-01,2025-11-30,2025-11-15,False,False
ISS-1527,Cards,Business Disruption & System Failures,Low,Process Gap,Pass,2026-04-19,2026-07-18,2026-04-23,False,False
ISS-1528,Payments Ops,External Fraud,Medium,Third-Party / Vendor,Pass,2026-03-13,2026-05-12,2026-03-31,False,False
ISS-1529,Retail Banking,External Fraud,Low,Human Error,Pass,2025-05-13,2025-08-11,2025-05-25,False,False
ISS-1530,Payments Ops,External Fraud,Medium,Process Gap,Pass,2025-01-05,2025-03-06,2025-03-21,True,False
ISS-1531,Retail Banking,"Execution, Delivery & Process Management",Low,Human Error,Pass,2026-06-27,2026-09-25,2026-06-30,False,False
ISS-1532,Digital Channels,Business Disruption & System Failures,High,Process Gap,Pass,2026-03-17,2026-04-16,2026-05-14,True,False
ISS-1533,Retail Banking,Business Disruption & System Failures,High,System Failure,Fail,2026-01-03,2026-02-02,2026-01-31,False,False
ISS-1534,Cards,"Clients, Products & Business Practices",Low,Process Gap,Pass,2025-12-15,2026-03-15,,True,False
ISS-1535,Merchant Services,"Clients, Products & Business Practices",Medium,Third-Party / Vendor,Fail,2026-04-29,2026-06-28,,True,False
ISS-1536,Merchant Services,"Execution, Delivery & Process Management",Low,System Failure,Fail,2026-02-27,2026-05-28,2026-04-15,False,False
ISS-1537,Corporate Functions,"Clients, Products & Business Practices",Low,Third-Party / Vendor,Pass,2025-08-12,2025-11-10,2025-11-30,True,True
ISS-1538,Corporate Functions,"Execution, Delivery & Process Management",Low,Human Error,Pass,2025-08-15,2025-11-13,,True,False
ISS-1539,Digital Channels,Business Disruption & System Failures,High,System Failure,Pass,2026-04-01,2026-05-01,2026-04-03,False,False
ISS-1540,Retail Banking,Employment Practices & Workplace Safety,Low,Process Gap,Fail,2026-06-10,2026-09-08,2026-06-30,False,False
ISS-1541,Cards,Business Disruption & System Failures,Low,Process Gap,Pass,2025-06-16,2025-09-14,2025-10-14,True,False
ISS-1542,Payments Ops,External Fraud,Medium,System Failure,Pass,2025-07-21,2025-09-19,2025-09-12,False,False
ISS-1543,Cards,Employment Practices & Workplace Safety,Medium,Human Error,Fail,2026-03-29,2026-05-28,2026-05-29,True,False
ISS-1544,Payments Ops,Business Disruption & System Failures,Low,Documentation Gap,Pass,2025-03-25,2025-06-23,2025-08-26,True,False
ISS-1545,Retail Banking,Employment Practices & Workplace Safety,Low,Third-Party / Vendor,Pass,2026-02-04,2026-05-05,2026-03-23,False,False
ISS-1546,Cards,"Execution, Delivery & Process Management",High,Documentation Gap,Fail,2026-02-09,2026-03-11,,True,False
ISS-1547,Payments Ops,"Execution, Delivery & Process Management",Low,Third-Party / Vendor,Fail,2025-12-09,2026-03-09,,True,False
ISS-1548,Retail Banking,"Execution, Delivery & Process Management",Medium,Human Error,Pass,2025-08-14,2025-10-13,2025-10-18,True,False
ISS-1549,Cards,Business Disruption & System Failures,Low,System Failure,Pass,2025-08-08,2025-11-06,,True,False
ISS-1550,Retail Banking,Internal Fraud,Low,Process Gap,Pass,2026-06-27,2026-09-25,2026-06-30,False,False
ISS-1551,Digital Channels,External Fraud,High,System Failure,Pass,2026-02-08,2026-03-10,2026-03-08,False,False
ISS-1552,Retail Banking,Employment Practices & Workplace Safety,Medium,Process Gap,Pass,2025-10-04,2025-12-03,2025-11-12,False,False
ISS-1553,Corporate Functions,"Clients, Products & Business Practices",Medium,Documentation Gap,Pass,2026-02-23,2026-04-24,2026-04-08,False,False
ISS-1554,Cards,Business Disruption & System Failures,Medium,Process Gap,Pass,2025-12-22,2026-02-20,2026-02-19,False,False
ISS-1555,Cards,"Clients, Products & Business Practices",Low,Human Error,Pass,2025-07-11,2025-10-09,2025-08-16,False,True
ISS-1556,Payments Ops,"Execution, Delivery & Process Management",Low,System Failure,Pass,2025-02-05,2025-05-06,2025-05-10,True,False
ISS-1557,Retail Banking,"Clients, Products & Business Practices",Low,Process Gap,Fail,2025-12-05,2026-03-05,2026-03-03,False,False
ISS-1558,Digital Channels,Business Disruption & System Failures,Low,System Failure,Fail,2025-08-09,2025-11-07,2025-09-20,False,False
ISS-1559,Payments Ops,Business Disruption & System Failures,Medium,System Failure,Pass,2025-03-29,2025-05-28,2025-05-18,False,False
ISS-1560,Retail Banking,"Execution, Delivery & Process Management",Medium,System Failure,Pass,2025-03-07,2025-05-06,,True,False
ISS-1561,Payments Ops,"Execution, Delivery & Process Management",Low,Process Gap,Pass,2026-01-02,2026-04-02,2026-02-24,False,False
ISS-1562,Merchant Services,"Execution, Delivery & Process Management",Low,Third-Party / Vendor,Fail,2025-07-08,2025-10-06,2025-07-09,False,False
ISS-1563,Retail Banking,External Fraud,Low,Documentation Gap,Pass,2025-05-03,2025-08-01,2025-08-26,True,False
ISS-1564,Digital Channels,"Execution, Delivery & Process Management",Medium,Process Gap,Fail,2025-11-28,2026-01-27,2026-02-17,True,False
ISS-1565,Cards,"Execution, Delivery & Process Management",Low,System Failure,Pass,2026-04-01,2026-06-30,,False,False
ISS-1566,Digital Channels,Employment Practices & Workplace Safety,Medium,Process Gap,Pass,2026-01-11,2026-03-12,2026-04-06,True,False
ISS-1567,Payments Ops,Employment Practices & Workplace Safety,Medium,System Failure,Pass,2025-07-09,2025-09-07,2025-10-13,True,False
ISS-1568,Digital Channels,External Fraud,High,Process Gap,Pass,2026-06-12,2026-07-12,2026-06-30,False,False
ISS-1569,Merchant Services,Internal Fraud,Medium,Third-Party / Vendor,Pass,2025-09-06,2025-11-05,2025-11-07,True,False
ISS-1570,Digital Channels,Business Disruption & System Failures,Medium,Third-Party / Vendor,Fail,2025-04-29,2025-06-28,,True,False
ISS-1571,Merchant Services,"Execution, Delivery & Process Management",Medium,Human Error,Fail,2025-07-27,2025-09-25,2025-10-13,True,False
ISS-1572,Cards,"Execution, Delivery & Process Management",Medium,Third-Party / Vendor,Fail,2025-07-02,2025-08-31,2025-10-04,True,False
ISS-1573,Cards,Business Disruption & System Failures,Low,System Failure,Pass,2025-01-20,2025-04-20,2025-06-06,True,False
ISS-1574,Cards,Business Disruption & System Failures,High,Documentation Gap,Fail,2026-01-30,2026-03-01,2026-02-16,False,True
ISS-1575,Digital Channels,Business Disruption & System Failures,Medium,Human Error,Pass,2026-02-02,2026-04-03,2026-04-22,True,False
ISS-1576,Merchant Services,"Execution, Delivery & Process Management",Medium,Process Gap,Pass,2026-06-04,2026-08-03,,False,False
ISS-1577,Retail Banking,"Clients, Products & Business Practices",Medium,Process Gap,Pass,2025-10-02,2025-12-01,,True,False
ISS-1578,Retail Banking,"Execution, Delivery & Process Management",Medium,Third-Party / Vendor,Pass,2025-08-31,2025-10-30,2025-11-10,True,False
ISS-1579,Corporate Functions,External Fraud,Low,Human Error,Pass,2025-03-23,2025-06-21,,True,False
ISS-1580,Merchant Services,Business Disruption & System Failures,Medium,Human Error,Fail,2025-01-03,2025-03-04,2025-02-06,False,False
ISS-1581,Cards,Employment Practices & Workplace Safety,Medium,Human Error,Pass,2025-05-22,2025-07-21,2025-07-06,False,False
ISS-1582,Retail Banking,External Fraud,Low,Documentation Gap,Pass,2026-03-25,2026-06-23,,True,False
ISS-1583,Retail Banking,"Clients, Products & Business Practices",Low,Third-Party / Vendor,Pass,2025-08-15,2025-11-13,2025-10-22,False,False
ISS-1584,Retail Banking,"Execution, Delivery & Process Management",Medium,Human Error,Fail,2025-03-13,2025-05-12,2025-03-21,False,False
ISS-1585,Retail Banking,"Execution, Delivery & Process Management",Medium,Third-Party / Vendor,Fail,2026-02-09,2026-04-10,2026-04-16,True,False
ISS-1586,Cards,"Clients, Products & Business Practices",Low,Documentation Gap,Pass,2025-10-04,2026-01-02,,True,False
ISS-1587,Retail Banking,"Clients, Products & Business Practices",Low,System Failure,Fail,2025-06-10,2025-09-08,2025-09-06,False,False
ISS-1588,Corporate Functions,Business Disruption & System Failures,Medium,System Failure,Pass,2025-06-16,2025-08-15,2025-08-14,False,False
ISS-1589,Merchant Services,Business Disruption & System Failures,Medium,Third-Party / Vendor,Pass,2025-01-31,2025-04-01,,True,False
ISS-1590,Retail Banking,"Clients, Products & Business Practices",High,System Failure,Pass,2025-04-20,2025-05-20,2025-05-10,False,False
ISS-1591,Retail Banking,Business Disruption & System Failures,Low,Process Gap,Pass,2025-02-01,2025-05-02,2025-03-30,False,False
ISS-1592,Digital Channels,"Execution, Delivery & Process Management",Low,Process Gap,Pass,2025-09-06,2025-12-05,2025-11-12,False,False
ISS-1593,Retail Banking,Business Disruption & System Failures,Medium,Human Error,Fail,2025-05-16,2025-07-15,,True,False
ISS-1594,Retail Banking,External Fraud,Low,System Failure,Fail,2025-10-30,2026-01-28,,True,False
ISS-1595,Merchant Services,Business Disruption & System Failures,High,Process Gap,Fail,2026-01-04,2026-02-03,2026-01-24,False,False
ISS-1596,Retail Banking,Employment Practices & Workplace Safety,Low,Process Gap,Fail,2025-12-27,2026-03-27,2026-03-28,True,True
ISS-1597,Cards,"Execution, Delivery & Process Management",Medium,Human Error,Fail,2025-11-18,2026-01-17,2026-02-13,True,False
ISS-1598,Cards,"Clients, Products & Business Practices",Low,Human Error,Pass,2025-01-06,2025-04-06,2025-03-01,False,False
ISS-1599,Payments Ops,Business Disruption & System Failures,High,System Failure,Fail,2025-12-01,2025-12-31,,True,False
ISS-1600,Retail Banking,"Execution, Delivery & Process Management",High,Human Error,Pass,2025-11-04,2025-12-04,2025-12-18,True,False
ISS-1601,Merchant Services,Business Disruption & System Failures,Medium,Human Error,Fail,2025-08-12,2025-10-11,2025-12-02,True,False
ISS-1602,Corporate Functions,"Execution, Delivery & Process Management",Medium,Human Error,Pass,2025-10-12,2025-12-11,2025-12-25,True,False
ISS-1603,Cards,"Execution, Delivery & Process Management",Medium,Human Error,Pass,2026-01-11,2026-03-12,2026-03-13,True,False
ISS-1604,Digital Channels,"Execution, Delivery & Process Management",Low,System Failure,Pass,2025-09-19,2025-12-18,2025-10-04,False,False
ISS-1605,Retail Banking,"Clients, Products & Business Practices",Medium,Process Gap,Pass,2026-02-01,2026-04-02,2026-03-08,False,False
ISS-1606,Payments Ops,"Execution, Delivery & Process Management",Low,Process Gap,Pass,2025-08-03,2025-11-01,2026-01-06,True,False
ISS-1607,Digital Channels,"Execution, Delivery & Process Management",Medium,Human Error,Pass,2026-06-27,2026-08-26,2026-06-30,False,False
ISS-1608,Retail Banking,Damage to Physical Assets,Medium,Process Gap,Pass,2025-08-12,2025-10-11,2025-10-05,False,False
ISS-1609,Retail Banking,"Clients, Products & Business Practices",Low,Process Gap,Pass,2025-11-02,2026-01-31,2025-12-18,False,False
ISS-1610,Corporate Functions,"Execution, Delivery & Process Management",Low,System Failure,Pass,2025-06-05,2025-09-03,2025-09-02,False,False
ISS-1611,Cards,"Execution, Delivery & Process Management",Medium,Third-Party / Vendor,Pass,2025-06-28,2025-08-27,2025-08-25,False,False
ISS-1612,Digital Channels,"Execution, Delivery & Process Management",Medium,Process Gap,Pass,2025-04-02,2025-06-01,,True,False
ISS-1613,Cards,"Execution, Delivery & Process Management",Medium,Process Gap,Fail,2026-05-18,2026-07-17,2026-06-30,False,False
ISS-1614,Corporate Functions,Damage to Physical Assets,Low,Process Gap,Pass,2025-05-16,2025-08-14,2025-08-18,True,False
ISS-1615,Merchant Services,External Fraud,Low,System Failure,Fail,2025-10-27,2026-01-25,2025-11-26,False,False
ISS-1616,Payments Ops,Internal Fraud,Low,System Failure,Pass,2025-11-24,2026-02-22,2026-01-18,False,False
ISS-1617,Retail Banking,"Execution, Delivery & Process Management",Medium,System Failure,Pass,2025-01-19,2025-03-20,,True,False
ISS-1618,Payments Ops,Business Disruption & System Failures,Low,System Failure,Pass,2025-09-01,2025-11-30,2026-03-19,True,False
ISS-1619,Digital Channels,Employment Practices & Workplace Safety,High,Third-Party / Vendor,Fail,2025-07-21,2025-08-20,2025-08-20,False,True
ISS-1620,Payments Ops,External Fraud,Low,Third-Party / Vendor,Pass,2025-03-17,2025-06-15,2025-07-17,True,False
ISS-1621,Cards,External Fraud,Medium,Third-Party / Vendor,Pass,2025-08-09,2025-10-08,2025-09-22,False,False
ISS-1622,Corporate Functions,Business Disruption & System Failures,Medium,System Failure,Pass,2025-01-24,2025-03-25,2025-02-09,False,False
ISS-1623,Digital Channels,External Fraud,Medium,Process Gap,Fail,2025-02-28,2025-04-29,2025-04-24,False,False
ISS-1624,Corporate Functions,"Clients, Products & Business Practices",Low,Human Error,Pass,2025-02-20,2025-05-21,2025-04-12,False,False
ISS-1625,Retail Banking,Employment Practices & Workplace Safety,High,System Failure,Pass,2026-06-17,2026-07-17,2026-06-30,False,False
ISS-1626,Retail Banking,External Fraud,Medium,System Failure,Pass,2026-06-12,2026-08-11,2026-06-30,False,False
ISS-1627,Retail Banking,"Execution, Delivery & Process Management",Medium,System Failure,Pass,2026-05-02,2026-07-01,2026-06-30,False,False
ISS-1628,Digital Channels,"Execution, Delivery & Process Management",Low,Human Error,Fail,2025-09-17,2025-12-16,,True,False
ISS-1629,Merchant Services,"Execution, Delivery & Process Management",Medium,Process Gap,Pass,2026-02-13,2026-04-14,,True,False
ISS-1630,Cards,Employment Practices & Workplace Safety,High,System Failure,Pass,2025-01-14,2025-02-13,2025-02-10,False,False
ISS-1631,Retail Banking,"Execution, Delivery & Process Management",Medium,Documentation Gap,Pass,2025-09-17,2025-11-16,2026-01-21,True,False
ISS-1632,Merchant Services,External Fraud,Low,Process Gap,Pass,2025-10-05,2026-01-03,2025-11-28,False,False
ISS-1633,Corporate Functions,"Execution, Delivery & Process Management",Medium,Human Error,Pass,2026-05-31,2026-07-30,2026-06-30,False,False
ISS-1634,Digital Channels,Damage to Physical Assets,Medium,Process Gap,Pass,2025-01-31,2025-04-01,2025-03-22,False,False
ISS-1635,Corporate Functions,"Clients, Products & Business Practices",Medium,Process Gap,Fail,2025-03-05,2025-05-04,2025-05-07,True,False
ISS-1636,Cards,Business Disruption & System Failures,Medium,System Failure,Fail,2025-12-21,2026-02-19,2026-01-24,False,False
ISS-1637,Payments Ops,"Clients, Products & Business Practices",Low,System Failure,Pass,2026-06-26,2026-09-24,2026-06-30,False,False
ISS-1638,Retail Banking,"Clients, Products & Business Practices",Low,System Failure,Pass,2026-05-26,2026-08-24,2026-06-30,False,False
ISS-1639,Cards,"Execution, Delivery & Process Management",Medium,Human Error,Pass,2025-10-19,2025-12-18,2025-11-09,False,False
ISS-1640,Retail Banking,"Clients, Products & Business Practices",Low,Process Gap,Pass,2025-05-14,2025-08-12,2025-07-22,False,False
ISS-1641,Corporate Functions,"Clients, Products & Business Practices",Medium,Third-Party / Vendor,Fail,2026-03-20,2026-05-19,,True,True
ISS-1642,Cards,Damage to Physical Assets,Medium,Human Error,Fail,2025-09-07,2025-11-06,,True,False
ISS-1643,Payments Ops,"Clients, Products & Business Practices",Medium,Process Gap,Pass,2026-02-11,2026-04-12,2026-03-08,False,False
ISS-1644,Retail Banking,Internal Fraud,Low,Process Gap,Fail,2026-06-20,2026-09-18,2026-06-30,False,False
ISS-1645,Cards,Business Disruption & System Failures,Low,Third-Party / Vendor,Pass,2025-05-09,2025-08-07,2025-07-08,False,False
ISS-1646,Payments Ops,"Execution, Delivery & Process Management",Medium,Human Error,Pass,2025-07-20,2025-09-18,2025-08-26,False,False
ISS-1647,Merchant Services,"Clients, Products & Business Practices",Low,Process Gap,Pass,2025-11-25,2026-02-23,2026-01-01,False,False
ISS-1648,Digital Channels,Business Disruption & System Failures,Low,Third-Party / Vendor,Pass,2025-03-13,2025-06-11,2025-05-14,False,False
ISS-1649,Cards,"Clients, Products & Business Practices",Low,Documentation Gap,Fail,2026-01-19,2026-04-19,2026-01-28,False,False
ISS-1650,Cards,Internal Fraud,Low,System Failure,Pass,2025-09-07,2025-12-06,2025-09-08,False,False
ISS-1651,Merchant Services,External Fraud,Medium,Process Gap,Fail,2025-10-21,2025-12-20,2025-12-17,False,False
ISS-1652,Payments Ops,Business Disruption & System Failures,High,System Failure,Fail,2025-10-14,2025-11-13,,True,False
ISS-1653,Payments Ops,"Clients, Products & Business Practices",Low,Third-Party / Vendor,Pass,2025-02-26,2025-05-27,2025-04-02,False,False
ISS-1654,Merchant Services,External Fraud,Medium,Process Gap,Pass,2025-11-14,2026-01-13,,True,False
ISS-1655,Retail Banking,"Execution, Delivery & Process Management",Medium,Third-Party / Vendor,Fail,2025-08-08,2025-10-07,2025-09-14,False,False
ISS-1656,Payments Ops,Business Disruption & System Failures,Low,Documentation Gap,Pass,2025-10-20,2026-01-18,2025-12-31,False,False
ISS-1657,Payments Ops,"Execution, Delivery & Process Management",Medium,System Failure,Fail,2025-10-02,2025-12-01,2025-11-19,False,False
ISS-1658,Digital Channels,"Clients, Products & Business Practices",Medium,Process Gap,Pass,2025-01-06,2025-03-07,2025-03-06,False,False
ISS-1659,Retail Banking,"Execution, Delivery & Process Management",Low,Third-Party / Vendor,Pass,2025-03-26,2025-06-24,2025-06-25,True,False
ISS-1660,Payments Ops,"Execution, Delivery & Process Management",Medium,Human Error,Fail,2025-05-14,2025-07-13,2025-07-11,False,False
ISS-1661,Retail Banking,External Fraud,Medium,System Failure,Pass,2025-05-25,2025-07-24,2025-07-08,False,False
ISS-1662,Retail Banking,"Clients, Products & Business Practices",Low,Human Error,Pass,2025-04-22,2025-07-21,,True,False
ISS-1663,Cards,Business Disruption & System Failures,Medium,Documentation Gap,Pass,2025-03-23,2025-05-22,2025-05-09,False,False
ISS-1664,Cards,"Execution, Delivery & Process Management",Medium,Process Gap,Fail,2025-09-21,2025-11-20,2025-10-31,False,False
ISS-1665,Cards,"Execution, Delivery & Process Management",Low,Process Gap,Pass,2025-12-16,2026-03-16,,True,False
ISS-1666,Cards,"Execution, Delivery & Process Management",Low,Human Error,Pass,2025-09-26,2025-12-25,2025-11-25,False,False
ISS-1667,Retail Banking,Business Disruption & System Failures,Medium,System Failure,Pass,2025-12-31,2026-03-01,2026-02-16,False,False
ISS-1668,Cards,"Execution, Delivery & Process Management",Medium,Process Gap,Pass,2025-07-25,2025-09-23,2025-10-12,True,False
ISS-1669,Retail Banking,Damage to Physical Assets,Low,System Failure,Fail,2025-06-02,2025-08-31,2025-10-11,True,False
ISS-1670,Merchant Services,"Clients, Products & Business Practices",Medium,Documentation Gap,Pass,2025-08-01,2025-09-30,2025-09-27,False,False
ISS-1671,Payments Ops,"Execution, Delivery & Process Management",Low,System Failure,Fail,2025-05-17,2025-08-15,2025-08-12,False,False
ISS-1672,Merchant Services,"Execution, Delivery & Process Management",Medium,System Failure,Pass,2025-10-18,2025-12-17,2026-01-06,True,False
ISS-1673,Cards,"Clients, Products & Business Practices",Low,System Failure,Pass,2026-05-03,2026-08-01,,False,False
ISS-1674,Retail Banking,Employment Practices & Workplace Safety,Low,Third-Party / Vendor,Pass,2026-06-02,2026-08-31,2026-06-30,False,False
ISS-1675,Payments Ops,Business Disruption & System Failures,Medium,Process Gap,Pass,2025-06-07,2025-08-06,2025-06-29,False,False
ISS-1676,Corporate Functions,Employment Practices & Workplace Safety,High,Process Gap,Pass,2025-04-06,2025-05-06,2025-04-07,False,False
ISS-1677,Digital Channels,"Execution, Delivery & Process Management",Low,Human Error,Pass,2026-05-21,2026-08-19,2026-06-30,False,False
ISS-1678,Payments Ops,Employment Practices & Workplace Safety,Medium,Process Gap,Pass,2025-09-21,2025-11-20,2025-10-31,False,False
ISS-1679,Digital Channels,Internal Fraud,Medium,System Failure,Pass,2025-11-26,2026-01-25,2026-01-31,True,False
ISS-1680,Payments Ops,"Execution, Delivery & Process Management",Low,Process Gap,Pass,2025-09-02,2025-12-01,2025-10-03,False,False
ISS-1681,Payments Ops,Internal Fraud,Low,Human Error,Pass,2025-10-22,2026-01-20,2025-11-02,False,False
ISS-1682,Cards,"Execution, Delivery & Process Management",Low,Human Error,Pass,2026-05-20,2026-08-18,2026-06-30,False,False
ISS-1683,Cards,Internal Fraud,Low,Third-Party / Vendor,Pass,2025-11-05,2026-02-03,2026-02-03,False,False
ISS-1684,Payments Ops,"Execution, Delivery & Process Management",Low,Third-Party / Vendor,Pass,2025-03-07,2025-06-05,2025-04-24,False,False
ISS-1685,Digital Channels,"Execution, Delivery & Process Management",Medium,Human Error,Pass,2026-04-14,2026-06-13,2026-06-30,True,False
ISS-1686,Corporate Functions,"Execution, Delivery & Process Management",Low,Third-Party / Vendor,Pass,2025-10-25,2026-01-23,2026-02-09,True,False
ISS-1687,Digital Channels,Business Disruption & System Failures,Low,Human Error,Fail,2026-02-27,2026-05-28,2026-06-30,True,False
ISS-1688,Merchant Services,"Execution, Delivery & Process Management",Low,Human Error,Pass,2026-02-28,2026-05-29,2026-04-14,False,False
ISS-1689,Cards,"Execution, Delivery & Process Management",Medium,Process Gap,Fail,2025-06-23,2025-08-22,2025-09-16,True,False
ISS-1690,Corporate Functions,Business Disruption & System Failures,Medium,System Failure,Fail,2025-06-05,2025-08-04,2025-08-26,True,False
ISS-1691,Merchant Services,"Execution, Delivery & Process Management",Low,Process Gap,Pass,2026-04-23,2026-07-22,2026-06-30,False,False
ISS-1692,Merchant Services,"Execution, Delivery & Process Management",Medium,Third-Party / Vendor,Fail,2025-03-04,2025-05-03,2025-06-02,True,False
ISS-1693,Digital Channels,Internal Fraud,Low,Process Gap,Pass,2025-11-20,2026-02-18,2026-01-21,False,False
ISS-1694,Payments Ops,"Clients, Products & Business Practices",Low,Human Error,Pass,2025-02-05,2025-05-06,2025-05-31,True,False
ISS-1695,Retail Banking,Business Disruption & System Failures,Medium,Documentation Gap,Fail,2025-11-20,2026-01-19,2026-02-06,True,False
ISS-1696,Cards,"Execution, Delivery & Process Management",Low,Human Error,Pass,2026-02-07,2026-05-08,,True,False
ISS-1697,Cards,Damage to Physical Assets,Medium,Process Gap,Pass,2026-01-24,2026-03-25,2026-02-04,False,False
ISS-1698,Cards,"Execution, Delivery & Process Management",Medium,Process Gap,Pass,2025-06-29,2025-08-28,2025-07-14,False,True
ISS-1699,Payments Ops,Employment Practices & Workplace Safety,High,System Failure,Fail,2025-03-23,2025-04-22,2025-04-22,False,False
ISS-1700,Merchant Services,"Execution, Delivery & Process Management",Medium,Human Error,Pass,2025-04-27,2025-06-26,2025-05-22,False,False
ISS-1701,Cards,Business Disruption & System Failures,Medium,System Failure,Pass,2025-03-16,2025-05-15,2025-05-29,True,False
ISS-1702,Cards,"Clients, Products & Business Practices",Low,Human Error,Fail,2025-05-10,2025-08-08,2025-09-28,True,False
ISS-1703,Merchant Services,"Execution, Delivery & Process Management",High,Process Gap,Pass,2026-05-29,2026-06-28,,True,False
ISS-1704,Corporate Functions,"Execution, Delivery & Process Management",High,Process Gap,Fail,2025-11-14,2025-12-14,2025-12-15,True,False
ISS-1705,Merchant Services,Business Disruption & System Failures,High,Human Error,Pass,2026-01-27,2026-02-26,2026-02-13,False,False
ISS-1706,Payments Ops,"Execution, Delivery & Process Management",High,System Failure,Pass,2026-03-26,2026-04-25,2026-04-17,False,False
ISS-1707,Digital Channels,Damage to Physical Assets,Low,System Failure,Pass,2025-01-21,2025-04-21,,True,False
ISS-1708,Retail Banking,Business Disruption & System Failures,Medium,Third-Party / Vendor,Pass,2025-02-09,2025-04-10,2025-04-21,True,False
ISS-1709,Corporate Functions,"Execution, Delivery & Process Management",High,Process Gap,Pass,2025-07-15,2025-08-14,2025-08-06,False,False
ISS-1710,Merchant Services,"Clients, Products & Business Practices",Medium,System Failure,Pass,2025-07-31,2025-09-29,2025-11-05,True,False
ISS-1711,Merchant Services,External Fraud,Low,System Failure,Pass,2025-01-28,2025-04-28,,True,False
ISS-1712,Digital Channels,"Execution, Delivery & Process Management",Medium,Human Error,Pass,2025-10-06,2025-12-05,,True,False
ISS-1713,Digital Channels,"Execution, Delivery & Process Management",Low,Human Error,Pass,2025-07-06,2025-10-04,2025-09-16,False,False
ISS-1714,Digital Channels,External Fraud,Low,Documentation Gap,Pass,2026-05-13,2026-08-11,2026-06-30,False,False
ISS-1715,Payments Ops,Business Disruption & System Failures,Low,System Failure,Pass,2025-03-22,2025-06-20,2025-06-12,False,False
ISS-1716,Digital Channels,"Execution, Delivery & Process Management",Medium,Documentation Gap,Fail,2025-06-03,2025-08-02,2025-08-29,True,False
ISS-1717,Payments Ops,Business Disruption & System Failures,Low,Human Error,Pass,2026-01-17,2026-04-17,2026-03-20,False,False
ISS-1718,Corporate Functions,External Fraud,Low,System Failure,Pass,2026-04-08,2026-07-07,2026-06-14,False,False
ISS-1719,Corporate Functions,External Fraud,Medium,Process Gap,Pass,2026-06-05,2026-08-04,2026-06-30,False,False
ISS-1720,Digital Channels,"Execution, Delivery & Process Management",High,System Failure,Pass,2025-10-28,2025-11-27,2025-11-04,False,False
ISS-1721,Corporate Functions,Internal Fraud,Low,Third-Party / Vendor,Pass,2025-05-01,2025-07-30,2025-07-30,False,False
ISS-1722,Digital Channels,External Fraud,Medium,Documentation Gap,Pass,2026-02-12,2026-04-13,2026-04-04,False,False
ISS-1723,Cards,"Execution, Delivery & Process Management",Low,Human Error,Fail,2026-03-02,2026-05-31,2026-06-30,True,False
ISS-1724,Retail Banking,"Execution, Delivery & Process Management",Medium,Human Error,Pass,2025-02-12,2025-04-13,2025-04-02,False,False
ISS-1725,Payments Ops,"Execution, Delivery & Process Management",Low,Process Gap,Pass,2025-05-05,2025-08-03,2025-05-27,False,False
ISS-1726,Digital Channels,Business Disruption & System Failures,High,Human Error,Fail,2025-01-04,2025-02-03,2025-01-19,False,False
ISS-1727,Cards,"Execution, Delivery & Process Management",Medium,System Failure,Fail,2025-07-31,2025-09-29,2025-08-27,False,False
ISS-1728,Cards,"Clients, Products & Business Practices",High,Human Error,Pass,2025-08-11,2025-09-10,2025-08-25,False,False
ISS-1729,Merchant Services,External Fraud,Low,Third-Party / Vendor,Pass,2026-01-09,2026-04-09,2026-05-27,True,False
ISS-1730,Retail Banking,Business Disruption & System Failures,Medium,Process Gap,Fail,2026-04-01,2026-05-31,2026-05-21,False,False
ISS-1731,Payments Ops,Business Disruption & System Failures,Low,System Failure,Pass,2026-05-31,2026-08-29,2026-06-30,False,False
ISS-1732,Retail Banking,"Execution, Delivery & Process Management",Low,System Failure,Pass,2026-03-26,2026-06-24,2026-06-28,True,False
ISS-1733,Retail Banking,"Execution, Delivery & Process Management",Medium,System Failure,Fail,2026-03-20,2026-05-19,2026-04-23,False,True
ISS-1734,Retail Banking,"Execution, Delivery & Process Management",Low,Process Gap,Fail,2026-04-05,2026-07-04,2026-06-30,False,False
ISS-1735,Cards,"Execution, Delivery & Process Management",Medium,Process Gap,Pass,2026-04-14,2026-06-13,,True,False
ISS-1736,Digital Channels,Internal Fraud,Low,Process Gap,Pass,2026-05-22,2026-08-20,,False,False
ISS-1737,Retail Banking,"Execution, Delivery & Process Management",Medium,System Failure,Pass,2025-08-09,2025-10-08,2025-10-11,True,False
ISS-1738,Merchant Services,External Fraud,Medium,Human Error,Pass,2025-03-27,2025-05-26,2025-06-04,True,False
ISS-1739,Payments Ops,"Clients, Products & Business Practices",Medium,Process Gap,Fail,2025-01-11,2025-03-12,2025-03-15,True,False
ISS-1740,Payments Ops,Business Disruption & System Failures,Low,Process Gap,Pass,2025-04-22,2025-07-21,2025-07-17,False,False
ISS-1741,Retail Banking,"Execution, Delivery & Process Management",Low,Third-Party / Vendor,Pass,2025-12-13,2026-03-13,2026-03-14,True,False
ISS-1742,Retail Banking,Business Disruption & System Failures,Medium,System Failure,Fail,2025-08-04,2025-10-03,2025-10-07,True,False
ISS-1743,Payments Ops,Business Disruption & System Failures,Low,Process Gap,Pass,2025-03-06,2025-06-04,2025-06-04,False,False
ISS-1744,Digital Channels,Business Disruption & System Failures,Low,Third-Party / Vendor,Pass,2025-08-01,2025-10-30,2025-09-07,False,False
ISS-1745,Retail Banking,"Execution, Delivery & Process Management",Medium,Human Error,Pass,2026-05-01,2026-06-30,2026-06-30,False,False
ISS-1746,Cards,Employment Practices & Workplace Safety,High,Documentation Gap,Pass,2025-02-09,2025-03-11,2025-03-23,True,False
ISS-1747,Digital Channels,Business Disruption & System Failures,Low,Process Gap,Pass,2026-01-30,2026-04-30,2026-06-11,True,False
ISS-1748,Retail Banking,Internal Fraud,Medium,Process Gap,Pass,2025-10-14,2025-12-13,2025-12-28,True,False
ISS-1749,Corporate Functions,External Fraud,Low,Human Error,Fail,2026-04-14,2026-07-13,2026-06-30,False,True
ISS-1750,Cards,External Fraud,Low,Human Error,Pass,2026-04-03,2026-07-02,2026-04-04,False,False
ISS-1751,Corporate Functions,External Fraud,Medium,Process Gap,Pass,2026-03-23,2026-05-22,2026-04-29,False,False
ISS-1752,Payments Ops,"Execution, Delivery & Process Management",High,Process Gap,Fail,2025-08-04,2025-09-03,,True,False
ISS-1753,Digital Channels,Business Disruption & System Failures,Low,Human Error,Pass,2026-01-27,2026-04-27,,True,False
ISS-1754,Retail Banking,"Execution, Delivery & Process Management",Medium,Process Gap,Pass,2026-01-18,2026-03-19,2026-03-28,True,False
ISS-1755,Retail Banking,Business Disruption & System Failures,Medium,Process Gap,Pass,2025-07-14,2025-09-12,2025-10-15,True,False
ISS-1756,Corporate Functions,Business Disruption & System Failures,Medium,System Failure,Pass,2025-04-21,2025-06-20,2025-06-12,False,False
ISS-1757,Merchant Services,"Execution, Delivery & Process Management",High,Human Error,Pass,2026-06-22,2026-07-22,2026-06-30,False,False
ISS-1758,Cards,"Execution, Delivery & Process Management",Medium,System Failure,Pass,2026-06-26,2026-08-25,2026-06-30,False,False
ISS-1759,Retail Banking,Business Disruption & System Failures,Low,Third-Party / Vendor,Pass,2025-08-28,2025-11-26,2025-12-29,True,False
ISS-1760,Retail Banking,"Execution, Delivery & Process Management",Medium,System Failure,Pass,2026-03-14,2026-05-13,,True,False
ISS-1761,Retail Banking,"Execution, Delivery & Process Management",High,Process Gap,Pass,2026-03-22,2026-04-21,2026-04-21,False,False
ISS-1762,Cards,"Execution, Delivery & Process Management",Medium,Process Gap,Fail,2026-06-11,2026-08-10,2026-06-30,False,False
ISS-1763,Digital Channels,"Execution, Delivery & Process Management",Low,System Failure,Pass,2025-07-06,2025-10-04,2025-10-11,True,False
ISS-1764,Retail Banking,Business Disruption & System Failures,Medium,System Failure,Fail,2025-05-10,2025-07-09,2025-05-31,False,False
ISS-1765,Cards,"Clients, Products & Business Practices",Medium,Human Error,Fail,2025-08-10,2025-10-09,2025-09-01,False,False
ISS-1766,Cards,External Fraud,Medium,Process Gap,Fail,2026-05-27,2026-07-26,2026-06-30,False,False
ISS-1767,Merchant Services,External Fraud,Medium,Documentation Gap,Pass,2026-04-21,2026-06-20,2026-06-11,False,False
ISS-1768,Cards,Employment Practices & Workplace Safety,Medium,System Failure,Pass,2025-12-09,2026-02-07,2026-02-20,True,False
ISS-1769,Retail Banking,Employment Practices & Workplace Safety,Low,Process Gap,Pass,2025-01-17,2025-04-17,,True,False
ISS-1770,Digital Channels,"Execution, Delivery & Process Management",Medium,Process Gap,Fail,2026-02-19,2026-04-20,2026-03-29,False,False
ISS-1771,Merchant Services,Business Disruption & System Failures,Low,Human Error,Pass,2025-07-28,2025-10-26,2025-12-22,True,False
ISS-1772,Payments Ops,"Execution, Delivery & Process Management",Medium,Human Error,Fail,2025-12-02,2026-01-31,,True,False
ISS-1773,Cards,"Execution, Delivery & Process Management",Low,Human Error,Pass,2026-03-01,2026-05-30,2026-05-19,False,False
ISS-1774,Merchant Services,"Clients, Products & Business Practices",Medium,Process Gap,Fail,2025-07-30,2025-09-28,2025-08-20,False,False
ISS-1775,Digital Channels,Employment Practices & Workplace Safety,Low,Human Error,Pass,2025-01-19,2025-04-19,2025-03-27,False,False
ISS-1776,Merchant Services,Business Disruption & System Failures,Low,Third-Party / Vendor,Pass,2025-02-12,2025-05-13,,True,False
ISS-1777,Cards,"Execution, Delivery & Process Management",High,Third-Party / Vendor,Pass,2025-08-31,2025-09-30,2025-09-20,False,False
ISS-1778,Payments Ops,Employment Practices & Workplace Safety,High,Documentation Gap,Pass,2025-08-18,2025-09-17,2025-09-09,False,False
ISS-1779,Payments Ops,External Fraud,Low,Process Gap,Pass,2025-10-03,2026-01-01,2025-11-26,False,False
ISS-1780,Payments Ops,External Fraud,High,Process Gap,Fail,2026-04-07,2026-05-07,2026-05-02,False,False
ISS-1781,Payments Ops,"Execution, Delivery & Process Management",High,Human Error,Pass,2026-05-26,2026-06-25,2026-06-13,False,False
ISS-1782,Digital Channels,Internal Fraud,High,Process Gap,Pass,2025-04-21,2025-05-21,,True,False
ISS-1783,Retail Banking,"Execution, Delivery & Process Management",Medium,System Failure,Pass,2026-05-23,2026-07-22,2026-06-30,False,False
ISS-1784,Corporate Functions,"Clients, Products & Business Practices",Low,Human Error,Pass,2025-04-23,2025-07-22,,True,False
ISS-1785,Retail Banking,"Execution, Delivery & Process Management",Low,Process Gap,Pass,2025-08-27,2025-11-25,2025-10-01,False,False
ISS-1786,Digital Channels,Employment Practices & Workplace Safety,Medium,Process Gap,Pass,2025-11-25,2026-01-24,2026-01-25,True,False
ISS-1787,Retail Banking,"Execution, Delivery & Process Management",Low,System Failure,Pass,2025-08-15,2025-11-13,2025-12-26,True,False
ISS-1788,Digital Channels,Internal Fraud,Medium,Documentation Gap,Fail,2026-02-13,2026-04-14,2026-04-05,False,False
ISS-1789,Digital Channels,Business Disruption & System Failures,Low,Human Error,Pass,2025-01-07,2025-04-07,,True,False
ISS-1790,Digital Channels,"Execution, Delivery & Process Management",Medium,System Failure,Fail,2025-01-01,2025-03-02,2025-02-08,False,False
ISS-1791,Payments Ops,External Fraud,Medium,Third-Party / Vendor,Pass,2025-01-01,2025-03-02,,True,False
ISS-1792,Payments Ops,External Fraud,Medium,System Failure,Pass,2025-05-17,2025-07-16,2025-06-25,False,False
ISS-1793,Digital Channels,"Execution, Delivery & Process Management",Medium,Process Gap,Pass,2025-03-06,2025-05-05,,True,False
ISS-1794,Payments Ops,"Clients, Products & Business Practices",Medium,Human Error,Fail,2026-05-10,2026-07-09,2026-06-30,False,False
ISS-1795,Merchant Services,Employment Practices & Workplace Safety,Low,Third-Party / Vendor,Pass,2025-01-18,2025-04-18,2025-04-13,False,False
ISS-1796,Digital Channels,External Fraud,High,Process Gap,Pass,2025-09-26,2025-10-26,,True,False
ISS-1797,Retail Banking,"Clients, Products & Business Practices",Medium,Documentation Gap,Pass,2025-06-25,2025-08-24,2025-09-11,True,False
ISS-1798,Payments Ops,"Clients, Products & Business Practices",Low,System Failure,Pass,2026-03-27,2026-06-25,2026-04-08,False,False
ISS-1799,Payments Ops,Damage to Physical Assets,Medium,System Failure,Pass,2026-02-08,2026-04-09,2026-04-19,True,False
ISS-1800,Merchant Services,"Clients, Products & Business Practices",Low,System Failure,Pass,2025-12-01,2026-03-01,2026-03-28,True,True
ISS-1801,Digital Channels,"Execution, Delivery & Process Management",High,Third-Party / Vendor,Fail,2025-11-02,2025-12-02,2025-12-11,True,False
ISS-1802,Retail Banking,Business Disruption & System Failures,Low,Third-Party / Vendor,Pass,2026-05-18,2026-08-16,2026-06-30,False,False
ISS-1803,Corporate Functions,"Execution, Delivery & Process Management",Medium,Third-Party / Vendor,Pass,2026-05-08,2026-07-07,2026-05-29,False,False
ISS-1804,Retail Banking,Internal Fraud,Medium,Process Gap,Fail,2025-12-10,2026-02-08,2026-03-02,True,False
ISS-1805,Corporate Functions,Internal Fraud,Medium,Human Error,Pass,2026-06-28,2026-08-27,2026-06-30,False,False
ISS-1806,Cards,"Clients, Products & Business Practices",Medium,Third-Party / Vendor,Pass,2025-11-27,2026-01-26,,True,True
ISS-1807,Retail Banking,"Clients, Products & Business Practices",Low,System Failure,Pass,2026-05-15,2026-08-13,2026-06-30,False,False
ISS-1808,Payments Ops,"Execution, Delivery & Process Management",Medium,Process Gap,Pass,2025-05-18,2025-07-17,2025-06-29,False,False
ISS-1809,Payments Ops,"Clients, Products & Business Practices",Medium,Process Gap,Pass,2026-06-08,2026-08-07,2026-06-30,False,False
ISS-1810,Payments Ops,"Execution, Delivery & Process Management",Medium,System Failure,Pass,2025-04-15,2025-06-14,2025-05-26,False,False
ISS-1811,Merchant Services,Business Disruption & System Failures,Medium,System Failure,Fail,2026-05-25,2026-07-24,2026-06-30,False,False
ISS-1812,Cards,Damage to Physical Assets,Low,Documentation Gap,Fail,2025-02-01,2025-05-02,2025-03-10,False,False
ISS-1813,Digital Channels,Business Disruption & System Failures,Medium,Human Error,Pass,2025-03-23,2025-05-22,2025-05-28,True,False
ISS-1814,Corporate Functions,External Fraud,Medium,Process Gap,Pass,2025-05-13,2025-07-12,2025-07-10,False,False
ISS-1815,Retail Banking,Employment Practices & Workplace Safety,Low,Process Gap,Pass,2025-06-11,2025-09-09,,True,False
ISS-1816,Digital Channels,"Execution, Delivery & Process Management",Medium,Third-Party / Vendor,Pass,2026-06-19,2026-08-18,,False,False
ISS-1817,Cards,"Execution, Delivery & Process Management",Low,Process Gap,Pass,2025-07-07,2025-10-05,2025-10-30,True,False
ISS-1818,Retail Banking,"Execution, Delivery & Process Management",Low,System Failure,Pass,2026-04-29,2026-07-28,2026-06-30,False,False
ISS-1819,Corporate Functions,"Execution, Delivery & Process Management",Medium,Process Gap,Pass,2025-11-14,2026-01-13,2025-12-29,False,False
ISS-1820,Retail Banking,Damage to Physical Assets,Medium,Third-Party / Vendor,Fail,2026-03-22,2026-05-21,2026-04-13,False,False
ISS-1821,Payments Ops,Business Disruption & System Failures,Low,System Failure,Pass,2025-06-14,2025-09-12,2025-08-19,False,False
ISS-1822,Cards,Business Disruption & System Failures,Medium,System Failure,Pass,2025-04-02,2025-06-01,2025-06-30,True,False
ISS-1823,Corporate Functions,"Execution, Delivery & Process Management",Medium,Third-Party / Vendor,Fail,2026-02-22,2026-04-23,2026-02-23,False,False
ISS-1824,Merchant Services,"Execution, Delivery & Process Management",Low,Human Error,Pass,2025-09-11,2025-12-10,2025-09-18,False,False
ISS-1825,Payments Ops,"Clients, Products & Business Practices",Medium,Human Error,Fail,2025-01-01,2025-03-02,2025-01-27,False,False
ISS-1826,Merchant Services,Damage to Physical Assets,Medium,System Failure,Pass,2025-09-19,2025-11-18,2025-12-13,True,False
ISS-1827,Digital Channels,"Clients, Products & Business Practices",Medium,Process Gap,Pass,2026-05-04,2026-07-03,2026-06-23,False,False
ISS-1828,Cards,"Execution, Delivery & Process Management",Low,System Failure,Pass,2026-04-21,2026-07-20,2026-06-30,False,False
ISS-1829,Retail Banking,"Execution, Delivery & Process Management",Medium,Process Gap,Fail,2025-04-13,2025-06-12,2025-05-30,False,False
ISS-1830,Digital Channels,Business Disruption & System Failures,Low,Process Gap,Pass,2025-04-24,2025-07-23,2025-08-11,True,False
ISS-1831,Digital Channels,"Clients, Products & Business Practices",Low,Process Gap,Fail,2025-11-17,2026-02-15,2026-02-12,False,False
ISS-1832,Corporate Functions,"Execution, Delivery & Process Management",Medium,Process Gap,Fail,2025-03-05,2025-05-04,2025-05-17,True,False
ISS-1833,Retail Banking,Business Disruption & System Failures,Low,Process Gap,Pass,2026-02-15,2026-05-16,2026-06-30,True,False
ISS-1834,Retail Banking,Employment Practices & Workplace Safety,Medium,Human Error,Pass,2025-11-29,2026-01-28,2026-02-26,True,False
ISS-1835,Cards,"Execution, Delivery & Process Management",Low,Process Gap,Pass,2025-08-03,2025-11-01,2025-08-04,False,False
ISS-1836,Cards,Business Disruption & System Failures,Medium,Third-Party / Vendor,Fail,2025-12-14,2026-02-12,2026-03-20,True,False
ISS-1837,Digital Channels,"Clients, Products & Business Practices",Low,System Failure,Pass,2026-06-09,2026-09-07,2026-06-30,False,False
ISS-1838,Payments Ops,"Execution, Delivery & Process Management",Medium,System Failure,Pass,2025-10-20,2025-12-19,,True,False
ISS-1839,Retail Banking,Business Disruption & System Failures,Medium,System Failure,Fail,2025-02-13,2025-04-14,2025-02-14,False,False
ISS-1840,Retail Banking,"Execution, Delivery & Process Management",Low,Third-Party / Vendor,Pass,2025-08-22,2025-11-20,2025-10-31,False,False
ISS-1841,Retail Banking,External Fraud,Medium,Process Gap,Fail,2025-06-29,2025-08-28,2025-08-23,False,False
ISS-1842,Retail Banking,External Fraud,High,Third-Party / Vendor,Fail,2025-06-20,2025-07-20,,True,False
ISS-1843,Merchant Services,External Fraud,Low,Process Gap,Pass,2025-05-13,2025-08-11,2025-09-14,True,False
ISS-1844,Retail Banking,Business Disruption & System Failures,Medium,Human Error,Pass,2025-03-15,2025-05-14,2025-03-29,False,False
ISS-1845,Merchant Services,Business Disruption & System Failures,Medium,System Failure,Pass,2026-03-30,2026-05-29,2026-04-18,False,False
ISS-1846,Retail Banking,Business Disruption & System Failures,Medium,System Failure,Fail,2025-12-03,2026-02-01,2026-01-11,False,False
ISS-1847,Merchant Services,"Execution, Delivery & Process Management",Medium,Process Gap,Pass,2025-06-29,2025-08-28,2025-07-23,False,False
ISS-1848,Payments Ops,Internal Fraud,Low,Documentation Gap,Fail,2025-10-12,2026-01-10,2025-12-13,False,False
ISS-1849,Digital Channels,Business Disruption & System Failures,Medium,Process Gap,Pass,2025-10-04,2025-12-03,2025-11-04,False,False
ISS-1850,Cards,Employment Practices & Workplace Safety,Low,Documentation Gap,Pass,2025-02-20,2025-05-21,2025-06-24,True,False
ISS-1851,Cards,"Execution, Delivery & Process Management",High,Third-Party / Vendor,Pass,2025-11-29,2025-12-29,2025-12-25,False,False
ISS-1852,Digital Channels,"Execution, Delivery & Process Management",Medium,Documentation Gap,Pass,2025-05-21,2025-07-20,2025-07-10,False,False
ISS-1853,Cards,Business Disruption & System Failures,Low,System Failure,Pass,2025-02-15,2025-05-16,2025-07-20,True,False
ISS-1854,Merchant Services,External Fraud,Low,Documentation Gap,Pass,2025-06-14,2025-09-12,2025-07-06,False,False
ISS-1855,Digital Channels,External Fraud,Medium,Process Gap,Pass,2025-09-22,2025-11-21,2026-01-10,True,False
ISS-1856,Merchant Services,"Clients, Products & Business Practices",Medium,Third-Party / Vendor,Fail,2025-05-15,2025-07-14,2025-07-04,False,False
ISS-1857,Retail Banking,"Clients, Products & Business Practices",Low,Human Error,Pass,2026-04-26,2026-07-25,2026-06-30,False,False
ISS-1858,Digital Channels,"Clients, Products & Business Practices",Low,Process Gap,Pass,2025-06-11,2025-09-09,2025-10-02,True,False
ISS-1859,Cards,External Fraud,Medium,System Failure,Pass,2026-06-12,2026-08-11,2026-06-30,False,False
ISS-1860,Digital Channels,"Execution, Delivery & Process Management",Medium,System Failure,Pass,2025-06-26,2025-08-25,2025-07-17,False,False
ISS-1861,Cards,"Clients, Products & Business Practices",Medium,Documentation Gap,Pass,2026-03-26,2026-05-25,2026-06-11,True,False
ISS-1862,Cards,Business Disruption & System Failures,Medium,Human Error,Pass,2025-11-06,2026-01-05,2025-12-01,False,False
ISS-1863,Payments Ops,"Execution, Delivery & Process Management",Low,Human Error,Pass,2026-04-01,2026-06-30,2026-05-24,False,False
ISS-1864,Digital Channels,Business Disruption & System Failures,Low,Human Error,Pass,2025-10-05,2026-01-03,2025-12-06,False,False
ISS-1865,Cards,Internal Fraud,Low,System Failure,Pass,2025-01-21,2025-04-21,2025-03-11,False,False
ISS-1866,Retail Banking,Employment Practices & Workplace Safety,Medium,Third-Party / Vendor,Pass,2026-01-31,2026-04-01,,True,False
ISS-1867,Digital Channels,"Execution, Delivery & Process Management",Medium,System Failure,Pass,2025-08-08,2025-10-07,2025-09-07,False,False
ISS-1868,Cards,"Clients, Products & Business Practices",High,System Failure,Pass,2026-02-04,2026-03-06,2026-02-22,False,False
ISS-1869,Cards,"Clients, Products & Business Practices",Low,System Failure,Fail,2025-01-01,2025-04-01,2025-04-27,True,False
ISS-1870,Payments Ops,Business Disruption & System Failures,High,Process Gap,Fail,2025-12-01,2025-12-31,2026-01-05,True,False
ISS-1871,Corporate Functions,"Execution, Delivery & Process Management",Low,Process Gap,Pass,2025-07-31,2025-10-29,2025-12-28,True,False
ISS-1872,Corporate Functions,Internal Fraud,Medium,System Failure,Fail,2025-07-21,2025-09-19,2025-09-15,False,False
ISS-1873,Retail Banking,Business Disruption & System Failures,High,System Failure,Pass,2025-11-18,2025-12-18,2025-12-24,True,False
ISS-1874,Digital Channels,"Clients, Products & Business Practices",Medium,Process Gap,Fail,2026-03-25,2026-05-24,2026-05-24,False,False
ISS-1875,Merchant Services,Employment Practices & Workplace Safety,Low,System Failure,Pass,2026-05-07,2026-08-05,2026-06-30,False,False
ISS-1876,Cards,"Clients, Products & Business Practices",Low,Third-Party / Vendor,Pass,2026-04-05,2026-07-04,2026-06-04,False,False
ISS-1877,Payments Ops,External Fraud,Low,Process Gap,Pass,2025-09-19,2025-12-18,2025-11-01,False,False
ISS-1878,Merchant Services,Damage to Physical Assets,Medium,Process Gap,Fail,2025-12-20,2026-02-18,2025-12-27,False,False
ISS-1879,Digital Channels,Business Disruption & System Failures,High,System Failure,Fail,2025-11-15,2025-12-15,2025-12-28,True,False
ISS-1880,Retail Banking,"Execution, Delivery & Process Management",Low,Human Error,Pass,2025-12-26,2026-03-26,2026-03-23,False,False
ISS-1881,Retail Banking,Business Disruption & System Failures,Low,Human Error,Fail,2025-07-21,2025-10-19,2025-10-09,False,False
ISS-1882,Digital Channels,"Clients, Products & Business Practices",High,Process Gap,Fail,2025-03-08,2025-04-07,2025-03-12,False,False
ISS-1883,Merchant Services,Internal Fraud,Low,Human Error,Pass,2026-01-15,2026-04-15,,True,False
ISS-1884,Retail Banking,External Fraud,Low,Human Error,Pass,2026-02-17,2026-05-18,2026-02-20,False,False
ISS-1885,Cards,"Clients, Products & Business Practices",Medium,Documentation Gap,Pass,2025-05-19,2025-07-18,,True,False
ISS-1886,Corporate Functions,"Clients, Products & Business Practices",Low,System Failure,Pass,2025-06-10,2025-09-08,2025-09-16,True,False
ISS-1887,Corporate Functions,"Execution, Delivery & Process Management",Low,Process Gap,Pass,2025-10-18,2026-01-16,2025-12-31,False,True
ISS-1888,Cards,Business Disruption & System Failures,Low,Third-Party / Vendor,Fail,2026-03-06,2026-06-04,2026-04-10,False,False
ISS-1889,Retail Banking,"Execution, Delivery & Process Management",Medium,Third-Party / Vendor,Fail,2026-03-18,2026-05-17,,True,False
ISS-1890,Retail Banking,"Execution, Delivery & Process Management",Medium,Process Gap,Pass,2025-06-22,2025-08-21,2025-06-23,False,False
ISS-1891,Cards,Business Disruption & System Failures,High,Human Error,Fail,2025-12-25,2026-01-24,,True,False
ISS-1892,Cards,"Execution, Delivery & Process Management",Medium,Human Error,Pass,2026-04-17,2026-06-16,2026-06-04,False,False
ISS-1893,Corporate Functions,"Execution, Delivery & Process Management",Medium,Process Gap,Pass,2026-01-02,2026-03-03,2026-03-14,True,False
ISS-1894,Payments Ops,Business Disruption & System Failures,Medium,System Failure,Fail,2025-05-13,2025-07-12,2025-06-02,False,False
ISS-1895,Retail Banking,Business Disruption & System Failures,High,Process Gap,Pass,2026-04-19,2026-05-19,2026-05-14,False,False
ISS-1896,Payments Ops,"Execution, Delivery & Process Management",Low,Human Error,Pass,2025-10-12,2026-01-10,2025-12-02,False,False
ISS-1897,Merchant Services,Employment Practices & Workplace Safety,High,Human Error,Pass,2025-12-24,2026-01-23,,True,False
ISS-1898,Payments Ops,Business Disruption & System Failures,Medium,Human Error,Pass,2025-04-13,2025-06-12,2025-06-05,False,False
ISS-1899,Digital Channels,Damage to Physical Assets,Medium,Human Error,Pass,2025-04-21,2025-06-20,2025-07-29,True,False
ISS-1900,Cards,External Fraud,Low,Documentation Gap,Pass,2025-10-31,2026-01-29,2026-02-02,True,False
ISS-1901,Digital Channels,Internal Fraud,Medium,System Failure,Pass,2025-02-22,2025-04-23,2025-03-30,False,False
ISS-1902,Payments Ops,Business Disruption & System Failures,Medium,System Failure,Fail,2026-02-07,2026-04-08,,True,False
ISS-1903,Retail Banking,"Clients, Products & Business Practices",Low,Process Gap,Fail,2025-07-27,2025-10-25,2025-10-30,True,False
ISS-1904,Payments Ops,"Execution, Delivery & Process Management",Medium,System Failure,Fail,2025-03-07,2025-05-06,,True,False
ISS-1905,Retail Banking,External Fraud,Low,Process Gap,Pass,2025-05-04,2025-08-02,2025-09-22,True,False
ISS-1906,Cards,"Execution, Delivery & Process Management",Medium,Third-Party / Vendor,Pass,2025-04-28,2025-06-27,,True,False
ISS-1907,Retail Banking,"Execution, Delivery & Process Management",Medium,Process Gap,Fail,2025-12-27,2026-02-25,2026-02-04,False,False
ISS-1908,Retail Banking,Internal Fraud,Medium,Third-Party / Vendor,Fail,2025-05-22,2025-07-21,2025-07-25,True,False
ISS-1909,Digital Channels,"Execution, Delivery & Process Management",Medium,System Failure,Pass,2025-03-03,2025-05-02,2025-04-25,False,False
ISS-1910,Corporate Functions,"Execution, Delivery & Process Management",Low,Process Gap,Pass,2026-01-10,2026-04-10,2026-04-20,True,False
ISS-1911,Merchant Services,Internal Fraud,Medium,Process Gap,Pass,2025-02-11,2025-04-12,2025-03-31,False,False
ISS-1912,Digital Channels,Internal Fraud,Low,System Failure,Fail,2025-05-01,2025-07-30,2025-08-27,True,False
ISS-1913,Digital Channels,"Execution, Delivery & Process Management",High,System Failure,Fail,2025-06-30,2025-07-30,2025-07-11,False,False
ISS-1914,Corporate Functions,"Clients, Products & Business Practices",High,System Failure,Pass,2026-01-29,2026-02-28,2026-03-16,True,True
ISS-1915,Cards,"Execution, Delivery & Process Management",High,Human Error,Pass,2025-12-24,2026-01-23,,True,False
ISS-1916,Merchant Services,Business Disruption & System Failures,Low,System Failure,Pass,2025-06-05,2025-09-03,,True,False
ISS-1917,Cards,"Execution, Delivery & Process Management",Medium,Human Error,Pass,2026-03-03,2026-05-02,2026-06-10,True,False
ISS-1918,Merchant Services,Employment Practices & Workplace Safety,Low,Documentation Gap,Pass,2026-03-14,2026-06-12,2026-06-13,True,False
ISS-1919,Merchant Services,"Execution, Delivery & Process Management",Low,Documentation Gap,Pass,2026-04-20,2026-07-19,2026-05-08,False,False
ISS-1920,Cards,"Clients, Products & Business Practices",High,Human Error,Pass,2025-02-17,2025-03-19,2025-03-14,False,False
ISS-1921,Cards,Business Disruption & System Failures,Medium,System Failure,Fail,2025-05-12,2025-07-11,2025-07-18,True,False
ISS-1922,Digital Channels,External Fraud,High,Third-Party / Vendor,Fail,2025-05-14,2025-06-13,,True,True
ISS-1923,Payments Ops,Business Disruption & System Failures,Medium,System Failure,Pass,2026-06-29,2026-08-28,2026-06-30,False,False
ISS-1924,Payments Ops,"Execution, Delivery & Process Management",Low,Process Gap,Pass,2025-12-15,2026-03-15,,True,False
ISS-1925,Merchant Services,Business Disruption & System Failures,Medium,Process Gap,Pass,2025-04-13,2025-06-12,,True,False
ISS-1926,Corporate Functions,"Clients, Products & Business Practices",Medium,Process Gap,Pass,2026-03-04,2026-05-03,2026-04-27,False,False
ISS-1927,Retail Banking,"Clients, Products & Business Practices",Medium,System Failure,Pass,2025-09-11,2025-11-10,2025-11-14,True,False
ISS-1928,Digital Channels,"Execution, Delivery & Process Management",Low,Process Gap,Pass,2026-06-25,2026-09-23,2026-06-30,False,False
ISS-1929,Digital Channels,"Clients, Products & Business Practices",Medium,System Failure,Pass,2025-08-21,2025-10-20,2025-11-07,True,False
ISS-1930,Corporate Functions,External Fraud,Medium,Documentation Gap,Pass,2026-01-16,2026-03-17,2026-04-05,True,False
ISS-1931,Retail Banking,Employment Practices & Workplace Safety,Medium,Third-Party / Vendor,Pass,2025-09-26,2025-11-25,2025-11-16,False,False
ISS-1932,Cards,External Fraud,Medium,Process Gap,Fail,2025-09-15,2025-11-14,2025-11-30,True,False
ISS-1933,Cards,"Execution, Delivery & Process Management",Medium,Human Error,Pass,2025-01-21,2025-03-22,2025-02-19,False,False
ISS-1934,Retail Banking,"Execution, Delivery & Process Management",Medium,Process Gap,Pass,2025-02-19,2025-04-20,2025-04-28,True,False
ISS-1935,Payments Ops,"Execution, Delivery & Process Management",Low,Process Gap,Fail,2025-05-12,2025-08-10,2025-09-20,True,False
ISS-1936,Cards,"Clients, Products & Business Practices",Low,Human Error,Pass,2025-05-24,2025-08-22,2025-10-29,True,False
ISS-1937,Payments Ops,"Clients, Products & Business Practices",Low,Process Gap,Pass,2025-12-15,2026-03-15,2026-02-22,False,False
ISS-1938,Retail Banking,"Execution, Delivery & Process Management",Low,System Failure,Pass,2026-02-27,2026-05-28,2026-06-08,True,False
ISS-1939,Retail Banking,External Fraud,Medium,Process Gap,Pass,2025-05-24,2025-07-23,2025-09-06,True,False
ISS-1940,Cards,"Clients, Products & Business Practices",Low,Third-Party / Vendor,Pass,2026-01-13,2026-04-13,2026-04-04,False,False
ISS-1941,Retail Banking,External Fraud,Medium,Documentation Gap,Fail,2025-09-06,2025-11-05,,True,False
ISS-1942,Retail Banking,"Execution, Delivery & Process Management",Medium,System Failure,Pass,2025-03-13,2025-05-12,2025-04-15,False,False
ISS-1943,Payments Ops,"Execution, Delivery & Process Management",Medium,System Failure,Pass,2025-09-21,2025-11-20,2025-12-08,True,False
ISS-1944,Payments Ops,Employment Practices & Workplace Safety,Medium,Process Gap,Pass,2026-01-04,2026-03-05,2026-01-17,False,False
ISS-1945,Digital Channels,Business Disruption & System Failures,Medium,Process Gap,Fail,2025-02-24,2025-04-25,2025-04-11,False,False
ISS-1946,Retail Banking,"Execution, Delivery & Process Management",Medium,System Failure,Pass,2025-01-09,2025-03-10,2025-04-20,True,False
ISS-1947,Merchant Services,"Execution, Delivery & Process Management",Low,Third-Party / Vendor,Pass,2025-04-24,2025-07-23,2025-09-15,True,False
ISS-1948,Retail Banking,"Clients, Products & Business Practices",Low,Process Gap,Pass,2026-01-24,2026-04-24,2026-06-30,True,False
ISS-1949,Payments Ops,"Clients, Products & Business Practices",Medium,Process Gap,Fail,2026-06-24,2026-08-23,2026-06-30,False,False
ISS-1950,Merchant Services,External Fraud,Medium,Process Gap,Pass,2026-04-26,2026-06-25,,True,False
ISS-1951,Retail Banking,Business Disruption & System Failures,Low,Documentation Gap,Pass,2025-07-02,2025-09-30,2025-09-14,False,False
ISS-1952,Retail Banking,"Execution, Delivery & Process Management",Medium,Process Gap,Pass,2025-08-08,2025-10-07,2025-08-09,False,False
ISS-1953,Retail Banking,Business Disruption & System Failures,Low,Human Error,Pass,2026-04-28,2026-07-27,2026-06-30,False,False
ISS-1954,Corporate Functions,"Execution, Delivery & Process Management",Medium,Process Gap,Pass,2026-03-30,2026-05-29,2026-06-17,True,False
ISS-1955,Corporate Functions,Business Disruption & System Failures,Medium,Process Gap,Fail,2025-02-13,2025-04-14,2025-04-17,True,False
ISS-1956,Merchant Services,"Clients, Products & Business Practices",Low,Process Gap,Pass,2026-05-28,2026-08-26,2026-06-30,False,False
ISS-1957,Digital Channels,"Execution, Delivery & Process Management",High,Process Gap,Fail,2026-04-01,2026-05-01,2026-05-25,True,False
ISS-1958,Merchant Services,"Clients, Products & Business Practices",Medium,Human Error,Pass,2026-05-13,2026-07-12,2026-05-14,False,False
ISS-1959,Payments Ops,Business Disruption & System Failures,Medium,Process Gap,Pass,2026-05-16,2026-07-15,2026-06-30,False,True
ISS-1960,Payments Ops,External Fraud,Medium,Human Error,Pass,2025-11-12,2026-01-11,2026-01-04,False,False
ISS-1961,Retail Banking,Employment Practices & Workplace Safety,Medium,Human Error,Fail,2025-01-01,2025-03-02,2025-01-27,False,False
ISS-1962,Payments Ops,Business Disruption & System Failures,Low,Process Gap,Pass,2025-02-08,2025-05-09,2025-03-06,False,False
ISS-1963,Cards,"Execution, Delivery & Process Management",Low,Third-Party / Vendor,Pass,2025-08-26,2025-11-24,2025-12-18,True,False
ISS-1964,Cards,Damage to Physical Assets,Medium,System Failure,Fail,2026-05-30,2026-07-29,2026-06-30,False,False
ISS-1965,Digital Channels,Business Disruption & System Failures,High,Human Error,Fail,2025-08-22,2025-09-21,2025-10-11,True,False
ISS-1966,Merchant Services,"Execution, Delivery & Process Management",Low,Documentation Gap,Pass,2025-06-02,2025-08-31,2025-09-07,True,False
ISS-1967,Retail Banking,Damage to Physical Assets,Medium,Human Error,Fail,2025-07-03,2025-09-01,2025-07-21,False,False
ISS-1968,Retail Banking,"Clients, Products & Business Practices",Medium,Process Gap,Fail,2025-10-10,2025-12-09,2025-12-06,False,False
ISS-1969,Retail Banking,Business Disruption & System Failures,Low,Process Gap,Pass,2025-06-25,2025-09-23,2025-08-03,False,False
ISS-1970,Payments Ops,Business Disruption & System Failures,High,Human Error,Fail,2025-07-16,2025-08-15,2025-08-16,True,False
ISS-1971,Retail Banking,"Clients, Products & Business Practices",Medium,Documentation Gap,Pass,2025-04-04,2025-06-03,,True,False
ISS-1972,Digital Channels,"Execution, Delivery & Process Management",Low,Process Gap,Pass,2025-07-28,2025-10-26,2026-01-27,True,False
ISS-1973,Retail Banking,Business Disruption & System Failures,Medium,System Failure,Pass,2025-03-20,2025-05-19,2025-05-09,False,False
ISS-1974,Retail Banking,Business Disruption & System Failures,Low,Human Error,Pass,2026-06-23,2026-09-21,2026-06-30,False,False
ISS-1975,Retail Banking,"Execution, Delivery & Process Management",High,System Failure,Pass,2026-01-27,2026-02-26,2026-02-06,False,False
ISS-1976,Retail Banking,"Execution, Delivery & Process Management",High,Process Gap,Pass,2025-12-06,2026-01-05,,True,False
ISS-1977,Retail Banking,"Clients, Products & Business Practices",Low,Human Error,Pass,2025-03-20,2025-06-18,,True,False
ISS-1978,Merchant Services,Internal Fraud,Medium,Process Gap,Fail,2025-05-30,2025-07-29,2025-08-15,True,False
ISS-1979,Payments Ops,"Execution, Delivery & Process Management",Low,Human Error,Pass,2025-12-18,2026-03-18,2026-02-04,False,False
ISS-1980,Cards,Internal Fraud,Low,System Failure,Pass,2025-05-03,2025-08-01,2025-06-04,False,False
ISS-1981,Cards,"Clients, Products & Business Practices",Low,Human Error,Pass,2025-05-28,2025-08-26,2025-09-06,True,False
ISS-1982,Payments Ops,Business Disruption & System Failures,High,Process Gap,Pass,2026-06-21,2026-07-21,2026-06-25,False,False
ISS-1983,Payments Ops,External Fraud,Medium,Human Error,Pass,2026-02-21,2026-04-22,2026-04-24,True,False
ISS-1984,Retail Banking,"Execution, Delivery & Process Management",High,Third-Party / Vendor,Pass,2025-05-03,2025-06-02,2025-06-01,False,False
ISS-1985,Payments Ops,External Fraud,Medium,Process Gap,Pass,2026-04-14,2026-06-13,,True,False
ISS-1986,Digital Channels,"Clients, Products & Business Practices",Low,System Failure,Pass,2026-02-15,2026-05-16,,True,False
ISS-1987,Retail Banking,Business Disruption & System Failures,Low,System Failure,Pass,2025-02-18,2025-05-19,2025-04-27,False,True
ISS-1988,Cards,"Execution, Delivery & Process Management",Medium,Process Gap,Fail,2025-07-20,2025-09-18,2025-11-30,True,False
ISS-1989,Retail Banking,Business Disruption & System Failures,High,Documentation Gap,Pass,2025-12-06,2026-01-05,2026-01-02,False,False
ISS-1990,Retail Banking,"Execution, Delivery & Process Management",Low,Third-Party / Vendor,Pass,2025-03-03,2025-06-01,2025-06-10,True,False
ISS-1991,Payments Ops,Internal Fraud,Medium,Process Gap,Fail,2026-02-05,2026-04-06,2026-03-03,False,True
ISS-1992,Cards,Business Disruption & System Failures,Medium,Process Gap,Fail,2025-02-06,2025-04-07,,True,False
ISS-1993,Payments Ops,Employment Practices & Workplace Safety,Medium,Process Gap,Pass,2025-07-07,2025-09-05,,True,False
ISS-1994,Retail Banking,"Execution, Delivery & Process Management",Medium,Process Gap,Fail,2025-09-10,2025-11-09,,True,False
ISS-1995,Corporate Functions,"Execution, Delivery & Process Management",Medium,Process Gap,Pass,2026-05-15,2026-07-14,2026-06-11,False,False
ISS-1996,Payments Ops,"Execution, Delivery & Process Management",High,System Failure,Fail,2025-12-22,2026-01-21,2026-01-12,False,False
ISS-1997,Retail Banking,Employment Practices & Workplace Safety,Medium,Third-Party / Vendor,Pass,2025-08-07,2025-10-06,,True,False
ISS-1998,Cards,Business Disruption & System Failures,High,Process Gap,Fail,2025-03-23,2025-04-22,2025-03-29,False,False
ISS-1999,Retail Banking,"Execution, Delivery & Process Management",Low,System Failure,Pass,2025-11-29,2026-02-27,,True,False
ISS-2000,Cards,"Execution, Delivery & Process Management",High,Process Gap,Pass,2025-07-24,2025-08-23,2025-08-03,False,False
ISS-2001,Retail Banking,External Fraud,Low,System Failure,Pass,2025-08-08,2025-11-06,2025-09-11,False,False
ISS-2002,Merchant Services,Business Disruption & System Failures,Medium,Process Gap,Pass,2026-03-04,2026-05-03,2026-03-05,False,False
ISS-2003,Merchant Services,Employment Practices & Workplace Safety,High,Documentation Gap,Fail,2026-06-19,2026-07-19,2026-06-30,False,False
ISS-2004,Cards,"Execution, Delivery & Process Management",High,Human Error,Pass,2025-10-20,2025-11-19,2025-10-22,False,False
ISS-2005,Cards,External Fraud,Medium,System Failure,Fail,2025-12-07,2026-02-05,2026-02-15,True,False
ISS-2006,Payments Ops,Internal Fraud,High,Human Error,Pass,2025-05-11,2025-06-10,2025-06-10,False,False
ISS-2007,Retail Banking,"Execution, Delivery & Process Management",High,Third-Party / Vendor,Fail,2025-02-15,2025-03-17,2025-04-06,True,False
ISS-2008,Cards,Business Disruption & System Failures,Medium,Process Gap,Pass,2026-06-10,2026-08-09,2026-06-30,False,False
ISS-2009,Merchant Services,"Execution, Delivery & Process Management",Medium,Third-Party / Vendor,Pass,2026-01-09,2026-03-10,2026-03-17,True,False
ISS-2010,Retail Banking,"Execution, Delivery & Process Management",Medium,Documentation Gap,Fail,2025-04-22,2025-06-21,2025-06-23,True,False
ISS-2011,Cards,External Fraud,Medium,System Failure,Fail,2025-12-15,2026-02-13,,True,False
ISS-2012,Digital Channels,Business Disruption & System Failures,Low,Documentation Gap,Fail,2026-03-18,2026-06-16,2026-06-30,True,False
ISS-2013,Merchant Services,External Fraud,Low,Third-Party / Vendor,Pass,2026-06-21,2026-09-19,2026-06-30,False,False
ISS-2014,Cards,Employment Practices & Workplace Safety,Low,System Failure,Pass,2025-05-10,2025-08-08,,True,False
ISS-2015,Retail Banking,"Execution, Delivery & Process Management",High,Process Gap,Pass,2026-05-13,2026-06-12,2026-06-02,False,False
ISS-2016,Digital Channels,Business Disruption & System Failures,Medium,Human Error,Pass,2026-06-17,2026-08-16,,False,False
ISS-2017,Payments Ops,"Execution, Delivery & Process Management",Medium,Documentation Gap,Pass,2025-04-11,2025-06-10,,True,False
ISS-2018,Payments Ops,"Clients, Products & Business Practices",Low,Documentation Gap,Pass,2026-03-22,2026-06-20,2026-06-30,True,True
ISS-2019,Corporate Functions,Business Disruption & System Failures,Medium,System Failure,Pass,2025-04-03,2025-06-02,,True,False
ISS-2020,Payments Ops,"Execution, Delivery & Process Management",Low,System Failure,Pass,2025-05-18,2025-08-16,,True,False
ISS-2021,Retail Banking,Business Disruption & System Failures,Medium,System Failure,Pass,2025-03-30,2025-05-29,2025-05-15,False,False
ISS-2022,Cards,Internal Fraud,Medium,System Failure,Pass,2025-02-26,2025-04-27,2025-04-04,False,False
ISS-2023,Payments Ops,Business Disruption & System Failures,Low,System Failure,Pass,2026-03-11,2026-06-09,2026-04-07,False,False
ISS-2024,Corporate Functions,Business Disruption & System Failures,High,Human Error,Fail,2026-06-10,2026-07-10,2026-06-13,False,False
ISS-2025,Payments Ops,"Execution, Delivery & Process Management",High,Third-Party / Vendor,Pass,2025-10-15,2025-11-14,2025-10-28,False,False
ISS-2026,Corporate Functions,"Execution, Delivery & Process Management",Medium,Documentation Gap,Pass,2026-05-10,2026-07-09,2026-06-22,False,False
ISS-2027,Cards,"Execution, Delivery & Process Management",Medium,Human Error,Pass,2025-05-23,2025-07-22,,True,False
ISS-2028,Digital Channels,"Clients, Products & Business Practices",Medium,System Failure,Pass,2026-01-19,2026-03-20,,True,False
ISS-2029,Merchant Services,Employment Practices & Workplace Safety,Low,Documentation Gap,Pass,2025-08-16,2025-11-14,2025-10-28,False,False
ISS-2030,Cards,"Execution, Delivery & Process Management",Medium,Process Gap,Pass,2025-04-18,2025-06-17,,True,False
ISS-2031,Merchant Services,"Execution, Delivery & Process Management",Low,Human Error,Pass,2025-05-05,2025-08-03,,True,False
ISS-2032,Corporate Functions,"Clients, Products & Business Practices",Low,System Failure,Pass,2025-11-27,2026-02-25,2026-03-18,True,False
ISS-2033,Digital Channels,"Execution, Delivery & Process Management",Low,Documentation Gap,Fail,2025-02-11,2025-05-12,2025-05-31,True,False
ISS-2034,Merchant Services,"Execution, Delivery & Process Management",Low,Process Gap,Pass,2026-01-27,2026-04-27,2026-03-12,False,True
ISS-2035,Merchant Services,Damage to Physical Assets,Low,Third-Party / Vendor,Pass,2025-07-28,2025-10-26,,True,True
ISS-2036,Payments Ops,Business Disruption & System Failures,Low,Process Gap,Pass,2025-01-03,2025-04-03,2025-04-08,True,False
ISS-2037,Retail Banking,"Execution, Delivery & Process Management",Low,Process Gap,Pass,2025-11-04,2026-02-02,,True,False
ISS-2038,Merchant Services,"Clients, Products & Business Practices",Low,Documentation Gap,Pass,2026-05-24,2026-08-22,2026-06-29,False,False
ISS-2039,Digital Channels,"Execution, Delivery & Process Management",Medium,System Failure,Pass,2026-02-05,2026-04-06,2026-03-19,False,False
ISS-2040,Retail Banking,"Execution, Delivery & Process Management",Medium,Human Error,Fail,2026-06-19,2026-08-18,2026-06-30,False,False
ISS-2041,Retail Banking,External Fraud,Low,Human Error,Pass,2026-04-19,2026-07-18,2026-06-30,False,False
ISS-2042,Cards,"Clients, Products & Business Practices",Low,Process Gap,Pass,2026-01-13,2026-04-13,2026-02-10,False,False
ISS-2043,Merchant Services,"Execution, Delivery & Process Management",Low,Third-Party / Vendor,Pass,2025-09-07,2025-12-06,2025-12-02,False,False
ISS-2044,Retail Banking,"Execution, Delivery & Process Management",Medium,Process Gap,Pass,2026-06-28,2026-08-27,2026-06-30,False,False
ISS-2045,Payments Ops,"Clients, Products & Business Practices",Medium,Human Error,Pass,2025-10-27,2025-12-26,2025-12-15,False,False
ISS-2046,Cards,"Execution, Delivery & Process Management",Low,System Failure,Pass,2025-03-03,2025-06-01,2025-08-19,True,False
ISS-2047,Cards,"Execution, Delivery & Process Management",Medium,Process Gap,Pass,2026-02-14,2026-04-15,2026-04-11,False,False
ISS-2048,Corporate Functions,External Fraud,Low,Process Gap,Pass,2025-04-20,2025-07-19,2025-08-10,True,False
ISS-2049,Retail Banking,"Clients, Products & Business Practices",Medium,Third-Party / Vendor,Pass,2026-05-19,2026-07-18,,False,False
ISS-2050,Retail Banking,"Clients, Products & Business Practices",Medium,System Failure,Pass,2026-01-05,2026-03-06,2026-03-02,False,False
ISS-2051,Retail Banking,"Execution, Delivery & Process Management",Medium,Human Error,Pass,2025-06-12,2025-08-11,2025-08-14,True,False
ISS-2052,Retail Banking,"Clients, Products & Business Practices",Medium,Third-Party / Vendor,Pass,2025-04-23,2025-06-22,,True,False
ISS-2053,Cards,External Fraud,Low,System Failure,Pass,2025-03-21,2025-06-19,2025-06-10,False,False
ISS-2054,Retail Banking,"Clients, Products & Business Practices",Low,System Failure,Pass,2026-02-18,2026-05-19,,True,False
ISS-2055,Digital Channels,Internal Fraud,Medium,System Failure,Fail,2026-05-05,2026-07-04,2026-05-16,False,False
ISS-2056,Cards,"Clients, Products & Business Practices",Medium,Process Gap,Pass,2025-10-16,2025-12-15,,True,False
ISS-2057,Retail Banking,Damage to Physical Assets,Medium,Documentation Gap,Pass,2025-06-23,2025-08-22,2025-08-24,True,False
ISS-2058,Payments Ops,Business Disruption & System Failures,Low,Third-Party / Vendor,Pass,2025-01-18,2025-04-18,2025-02-23,False,False
ISS-2059,Cards,"Execution, Delivery & Process Management",Low,System Failure,Pass,2025-01-01,2025-04-01,2025-04-03,True,False
ISS-2060,Digital Channels,Business Disruption & System Failures,Low,Documentation Gap,Pass,2025-07-29,2025-10-27,,True,False
ISS-2061,Digital Channels,"Execution, Delivery & Process Management",High,System Failure,Pass,2025-02-26,2025-03-28,2025-04-05,True,False
ISS-2062,Cards,"Execution, Delivery & Process Management",Low,Human Error,Pass,2025-03-27,2025-06-25,2025-07-11,True,False
ISS-2063,Cards,"Execution, Delivery & Process Management",Medium,Third-Party / Vendor,Pass,2025-06-05,2025-08-04,2025-08-05,True,False
ISS-2064,Corporate Functions,Business Disruption & System Failures,Low,Process Gap,Fail,2025-04-10,2025-07-09,2025-07-09,False,True
ISS-2065,Retail Banking,Internal Fraud,Low,Process Gap,Fail,2025-08-17,2025-11-15,2025-11-27,True,False
ISS-2066,Cards,"Execution, Delivery & Process Management",Medium,Process Gap,Pass,2026-01-18,2026-03-19,2026-02-17,False,False
ISS-2067,Cards,"Execution, Delivery & Process Management",Low,Process Gap,Fail,2026-03-27,2026-06-25,2026-06-14,False,False
ISS-2068,Corporate Functions,Business Disruption & System Failures,Low,System Failure,Fail,2025-01-26,2025-04-26,2025-05-26,True,False
ISS-2069,Corporate Functions,Business Disruption & System Failures,Low,System Failure,Fail,2025-01-25,2025-04-25,,True,False
ISS-2070,Payments Ops,"Execution, Delivery & Process Management",High,Process Gap,Pass,2025-08-11,2025-09-10,2025-08-21,False,False
ISS-2071,Cards,Business Disruption & System Failures,Medium,System Failure,Fail,2025-06-16,2025-08-15,2025-09-30,True,False
ISS-2072,Payments Ops,"Execution, Delivery & Process Management",Medium,System Failure,Pass,2026-04-08,2026-06-07,2026-06-06,False,False
ISS-2073,Retail Banking,"Execution, Delivery & Process Management",Low,Third-Party / Vendor,Pass,2026-03-14,2026-06-12,2026-06-18,True,False
ISS-2074,Merchant Services,"Execution, Delivery & Process Management",Low,Human Error,Pass,2025-09-03,2025-12-02,2025-11-10,False,False
ISS-2075,Corporate Functions,Business Disruption & System Failures,Medium,System Failure,Pass,2025-09-06,2025-11-05,2025-10-31,False,False
ISS-2076,Corporate Functions,Business Disruption & System Failures,Medium,Third-Party / Vendor,Pass,2025-11-02,2026-01-01,,True,False
ISS-2077,Retail Banking,Business Disruption & System Failures,Medium,Documentation Gap,Pass,2025-02-20,2025-04-21,,True,False
ISS-2078,Cards,"Execution, Delivery & Process Management",Medium,Process Gap,Pass,2025-04-06,2025-06-05,,True,False
ISS-2079,Payments Ops,"Execution, Delivery & Process Management",Low,Documentation Gap,Fail,2025-03-02,2025-05-31,2025-05-03,False,False
ISS-2080,Corporate Functions,External Fraud,Low,Process Gap,Pass,2025-06-25,2025-09-23,2025-09-25,True,False
ISS-2081,Merchant Services,External Fraud,Medium,Third-Party / Vendor,Fail,2026-04-02,2026-06-01,2026-06-30,True,False
ISS-2082,Corporate Functions,Damage to Physical Assets,Low,System Failure,Pass,2025-07-03,2025-10-01,2025-11-14,True,False
ISS-2083,Merchant Services,"Clients, Products & Business Practices",Low,System Failure,Pass,2026-04-25,2026-07-24,2026-05-20,False,False
ISS-2084,Merchant Services,"Execution, Delivery & Process Management",Medium,System Failure,Pass,2026-04-10,2026-06-09,2026-05-22,False,False
ISS-2085,Retail Banking,"Clients, Products & Business Practices",Medium,Process Gap,Pass,2025-06-03,2025-08-02,2025-08-18,True,False
ISS-2086,Cards,"Execution, Delivery & Process Management",Medium,Human Error,Fail,2026-01-11,2026-03-12,2026-02-14,False,False
ISS-2087,Payments Ops,"Execution, Delivery & Process Management",High,Human Error,Fail,2025-08-15,2025-09-14,2025-09-29,True,False
ISS-2088,Retail Banking,External Fraud,Low,Human Error,Pass,2026-05-16,2026-08-14,2026-06-30,False,False
ISS-2089,Merchant Services,"Clients, Products & Business Practices",Low,Process Gap,Fail,2025-09-29,2025-12-28,2025-12-23,False,False
ISS-2090,Payments Ops,"Clients, Products & Business Practices",Low,Process Gap,Pass,2025-02-12,2025-05-13,2025-05-30,True,False
ISS-2091,Retail Banking,External Fraud,High,Third-Party / Vendor,Pass,2025-02-03,2025-03-05,2025-03-05,False,False
ISS-2092,Cards,"Clients, Products & Business Practices",Medium,Documentation Gap,Pass,2026-01-14,2026-03-15,2026-03-23,True,True
ISS-2093,Payments Ops,Internal Fraud,Low,Process Gap,Pass,2025-11-20,2026-02-18,2026-01-03,False,False
ISS-2094,Cards,"Clients, Products & Business Practices",Medium,System Failure,Pass,2026-05-11,2026-07-10,,False,False
ISS-2095,Cards,Business Disruption & System Failures,Medium,Process Gap,Fail,2025-08-02,2025-10-01,2025-09-02,False,False
ISS-2096,Cards,"Execution, Delivery & Process Management",Medium,System Failure,Fail,2025-01-19,2025-03-20,,True,False
ISS-2097,Corporate Functions,Damage to Physical Assets,Low,System Failure,Pass,2026-02-18,2026-05-19,2026-05-04,False,False
ISS-2098,Cards,"Execution, Delivery & Process Management",Medium,System Failure,Pass,2025-03-04,2025-05-03,2025-05-04,True,False
ISS-2099,Corporate Functions,"Execution, Delivery & Process Management",Low,System Failure,Pass,2025-09-25,2025-12-24,2025-11-20,False,True
ISS-2100,Cards,"Clients, Products & Business Practices",Low,Documentation Gap,Pass,2025-10-25,2026-01-23,2026-01-18,False,False
ISS-2101,Payments Ops,Business Disruption & System Failures,Low,Third-Party / Vendor,Pass,2026-05-18,2026-08-16,2026-06-30,False,False
ISS-2102,Cards,External Fraud,Medium,Process Gap,Fail,2025-06-11,2025-08-10,2025-08-24,True,False
ISS-2103,Payments Ops,Business Disruption & System Failures,High,Documentation Gap,Fail,2025-09-30,2025-10-30,2025-10-16,False,False
ISS-2104,Digital Channels,"Clients, Products & Business Practices",Medium,System Failure,Fail,2026-03-27,2026-05-26,,True,False
ISS-2105,Corporate Functions,Damage to Physical Assets,High,Process Gap,Fail,2025-08-16,2025-09-15,2025-09-27,True,False
ISS-2106,Cards,"Clients, Products & Business Practices",Medium,System Failure,Fail,2025-03-11,2025-05-10,2025-05-29,True,False
ISS-2107,Corporate Functions,"Clients, Products & Business Practices",High,Documentation Gap,Pass,2026-06-26,2026-07-26,2026-06-30,False,False
ISS-2108,Retail Banking,"Execution, Delivery & Process Management",High,Documentation Gap,Fail,2025-11-12,2025-12-12,2025-12-02,False,False
ISS-2109,Retail Banking,Business Disruption & System Failures,Low,System Failure,Pass,2025-11-01,2026-01-30,2026-03-02,True,False
ISS-2110,Payments Ops,Business Disruption & System Failures,Low,System Failure,Fail,2026-06-08,2026-09-06,2026-06-30,False,False
ISS-2111,Retail Banking,"Clients, Products & Business Practices",High,Process Gap,Fail,2026-05-26,2026-06-25,2026-06-07,False,True
ISS-2112,Digital Channels,External Fraud,Low,Process Gap,Pass,2025-10-11,2026-01-09,2026-01-22,True,False
ISS-2113,Merchant Services,"Clients, Products & Business Practices",Low,Human Error,Pass,2025-06-07,2025-09-05,2025-09-25,True,False
ISS-2114,Cards,Business Disruption & System Failures,Low,Third-Party / Vendor,Pass,2025-12-25,2026-03-25,2026-02-26,False,False
ISS-2115,Cards,"Execution, Delivery & Process Management",Medium,System Failure,Pass,2025-12-13,2026-02-11,2025-12-19,False,False
ISS-2116,Retail Banking,Business Disruption & System Failures,High,Process Gap,Pass,2025-07-26,2025-08-25,2025-09-22,True,False
ISS-2117,Retail Banking,Business Disruption & System Failures,Medium,Process Gap,Pass,2025-08-19,2025-10-18,2025-10-22,True,False
ISS-2118,Payments Ops,External Fraud,Medium,Process Gap,Pass,2026-04-19,2026-06-18,2026-06-27,True,False
ISS-2119,Payments Ops,"Execution, Delivery & Process Management",Low,Human Error,Pass,2025-12-20,2026-03-20,2026-01-15,False,False
ISS-2120,Corporate Functions,Employment Practices & Workplace Safety,Medium,Process Gap,Pass,2025-06-26,2025-08-25,2025-08-03,False,False
ISS-2121,Digital Channels,"Execution, Delivery & Process Management",Low,Human Error,Pass,2026-03-19,2026-06-17,2026-05-31,False,False
ISS-2122,Retail Banking,"Execution, Delivery & Process Management",Low,Third-Party / Vendor,Pass,2025-10-18,2026-01-16,2026-01-27,True,False
ISS-2123,Merchant Services,Business Disruption & System Failures,Low,Process Gap,Pass,2025-04-26,2025-07-25,,True,False
ISS-2124,Cards,"Execution, Delivery & Process Management",Medium,Human Error,Pass,2025-08-04,2025-10-03,2025-09-07,False,False
ISS-2125,Cards,"Execution, Delivery & Process Management",Low,System Failure,Pass,2025-01-14,2025-04-14,2025-02-08,False,False
ISS-2126,Retail Banking,Employment Practices & Workplace Safety,Low,Process Gap,Pass,2025-08-27,2025-11-25,2025-11-12,False,False
ISS-2127,Digital Channels,External Fraud,Medium,Process Gap,Pass,2025-10-18,2025-12-17,2026-01-17,True,False
ISS-2128,Merchant Services,"Clients, Products & Business Practices",Low,Human Error,Pass,2025-01-22,2025-04-22,2025-05-05,True,False
ISS-2129,Payments Ops,Damage to Physical Assets,High,Process Gap,Fail,2025-08-07,2025-09-06,2025-08-08,False,False
ISS-2130,Cards,Employment Practices & Workplace Safety,Medium,Process Gap,Fail,2025-10-01,2025-11-30,2025-11-21,False,False
ISS-2131,Cards,Employment Practices & Workplace Safety,Low,Process Gap,Pass,2025-04-24,2025-07-23,,True,False
ISS-2132,Retail Banking,Employment Practices & Workplace Safety,Low,Documentation Gap,Pass,2025-05-23,2025-08-21,2025-11-15,True,False
ISS-2133,Cards,"Execution, Delivery & Process Management",High,Human Error,Fail,2025-06-18,2025-07-18,2025-07-28,True,False
ISS-2134,Digital Channels,Business Disruption & System Failures,High,Documentation Gap,Fail,2025-09-11,2025-10-11,2025-09-29,False,False
ISS-2135,Merchant Services,External Fraud,Medium,Process Gap,Pass,2026-05-15,2026-07-14,2026-06-30,False,False
ISS-2136,Retail Banking,"Clients, Products & Business Practices",Low,Human Error,Fail,2025-05-20,2025-08-18,2025-08-28,True,False
ISS-2137,Retail Banking,"Execution, Delivery & Process Management",Medium,Human Error,Pass,2025-12-27,2026-02-25,2026-03-05,True,False
ISS-2138,Payments Ops,"Execution, Delivery & Process Management",Low,Process Gap,Pass,2026-05-28,2026-08-26,2026-06-30,False,False
ISS-2139,Payments Ops,"Execution, Delivery & Process Management",Medium,Process Gap,Pass,2026-04-27,2026-06-26,2026-06-22,False,False
ISS-2140,Retail Banking,Damage to Physical Assets,Medium,Process Gap,Pass,2025-07-09,2025-09-07,2025-10-15,True,False
ISS-2141,Corporate Functions,External Fraud,Low,System Failure,Pass,2026-04-26,2026-07-25,2026-06-30,False,False
ISS-2142,Digital Channels,External Fraud,Medium,Third-Party / Vendor,Pass,2026-03-20,2026-05-19,2026-06-20,True,False
ISS-2143,Merchant Services,"Clients, Products & Business Practices",High,System Failure,Pass,2026-05-30,2026-06-29,2026-06-30,True,False
ISS-2144,Payments Ops,"Execution, Delivery & Process Management",Medium,Third-Party / Vendor,Pass,2025-11-25,2026-01-24,2026-01-11,False,True
ISS-2145,Digital Channels,Employment Practices & Workplace Safety,Low,System Failure,Fail,2025-08-28,2025-11-26,2025-11-13,False,False
ISS-2146,Merchant Services,Employment Practices & Workplace Safety,Low,Human Error,Pass,2025-09-13,2025-12-12,2025-10-25,False,False
ISS-2147,Retail Banking,"Execution, Delivery & Process Management",High,Process Gap,Pass,2025-05-14,2025-06-13,2025-06-21,True,False
ISS-2148,Retail Banking,External Fraud,Low,System Failure,Pass,2025-11-15,2026-02-13,2026-01-10,False,False
ISS-2149,Cards,"Execution, Delivery & Process Management",Low,Human Error,Fail,2025-01-21,2025-04-21,2025-04-05,False,False
ISS-2150,Merchant Services,Internal Fraud,Medium,Human Error,Pass,2026-02-15,2026-04-16,2026-03-23,False,False
ISS-2151,Retail Banking,Business Disruption & System Failures,Medium,Documentation Gap,Pass,2025-03-13,2025-05-12,2025-03-31,False,False
ISS-2152,Retail Banking,External Fraud,Medium,Process Gap,Pass,2025-05-27,2025-07-26,2025-06-22,False,False
ISS-2153,Retail Banking,"Clients, Products & Business Practices",Medium,Third-Party / Vendor,Pass,2025-01-10,2025-03-11,2025-03-15,True,False
ISS-2154,Retail Banking,"Execution, Delivery & Process Management",High,Human Error,Fail,2026-03-21,2026-04-20,2026-04-11,False,False
ISS-2155,Retail Banking,"Clients, Products & Business Practices",Medium,Process Gap,Pass,2026-05-17,2026-07-16,2026-05-18,False,False
ISS-2156,Cards,Business Disruption & System Failures,High,Process Gap,Fail,2025-03-10,2025-04-09,,True,False
ISS-2157,Cards,"Execution, Delivery & Process Management",Medium,Process Gap,Pass,2026-01-15,2026-03-16,,True,False
ISS-2158,Payments Ops,"Clients, Products & Business Practices",Low,System Failure,Pass,2025-09-14,2025-12-13,2025-12-24,True,False
ISS-2159,Retail Banking,"Clients, Products & Business Practices",High,Human Error,Fail,2026-06-27,2026-07-27,2026-06-30,False,False
ISS-2160,Merchant Services,Business Disruption & System Failures,High,System Failure,Pass,2025-11-18,2025-12-18,,True,False
ISS-2161,Payments Ops,"Execution, Delivery & Process Management",Low,Human Error,Pass,2025-12-29,2026-03-29,2026-05-18,True,False
ISS-2162,Digital Channels,External Fraud,Low,Process Gap,Pass,2025-02-12,2025-05-13,2025-06-02,True,False
ISS-2163,Payments Ops,"Execution, Delivery & Process Management",Medium,Process Gap,Pass,2025-04-04,2025-06-03,,True,False
ISS-2164,Digital Channels,External Fraud,Low,Process Gap,Pass,2026-06-10,2026-09-08,2026-06-30,False,False
ISS-2165,Retail Banking,"Execution, Delivery & Process Management",Low,System Failure,Pass,2025-03-09,2025-06-07,2025-05-31,False,False
ISS-2166,Cards,Employment Practices & Workplace Safety,Medium,Process Gap,Pass,2025-04-26,2025-06-25,2025-06-29,True,False
ISS-2167,Digital Channels,"Clients, Products & Business Practices",Medium,Process Gap,Pass,2026-05-23,2026-07-22,2026-06-10,False,False
ISS-2168,Retail Banking,"Execution, Delivery & Process Management",Medium,System Failure,Pass,2026-03-15,2026-05-14,2026-03-16,False,False
ISS-2169,Payments Ops,Business Disruption & System Failures,Low,Process Gap,Pass,2025-11-02,2026-01-31,2025-12-11,False,False
ISS-2170,Digital Channels,"Clients, Products & Business Practices",Low,Third-Party / Vendor,Pass,2025-07-28,2025-10-26,,True,False
ISS-2171,Cards,Business Disruption & System Failures,Medium,Human Error,Pass,2025-04-04,2025-06-03,,True,False
ISS-2172,Digital Channels,Business Disruption & System Failures,Low,System Failure,Pass,2025-11-28,2026-02-26,2026-04-30,True,False
ISS-2173,Payments Ops,"Clients, Products & Business Practices",Low,System Failure,Pass,2025-08-23,2025-11-21,,True,False
ISS-2174,Digital Channels,Employment Practices & Workplace Safety,Low,Human Error,Pass,2025-04-24,2025-07-23,2025-07-17,False,False
ISS-2175,Retail Banking,Business Disruption & System Failures,Low,Process Gap,Pass,2026-06-26,2026-09-24,2026-06-30,False,False
ISS-2176,Retail Banking,External Fraud,Low,Third-Party / Vendor,Pass,2026-05-25,2026-08-23,2026-06-30,False,False
ISS-2177,Payments Ops,"Clients, Products & Business Practices",Medium,Human Error,Fail,2025-02-21,2025-04-22,,True,False
ISS-2178,Cards,Business Disruption & System Failures,Medium,Process Gap,Pass,2025-03-22,2025-05-21,,True,False
ISS-2179,Digital Channels,Business Disruption & System Failures,Medium,Process Gap,Fail,2025-08-09,2025-10-08,2025-09-14,False,False
ISS-2180,Cards,"Execution, Delivery & Process Management",Low,Process Gap,Pass,2025-11-05,2026-02-03,,True,False
ISS-2181,Retail Banking,"Execution, Delivery & Process Management",High,Process Gap,Fail,2025-08-05,2025-09-04,2025-08-23,False,False
ISS-2182,Cards,External Fraud,Low,System Failure,Pass,2026-04-05,2026-07-04,2026-06-07,False,False
ISS-2183,Corporate Functions,Business Disruption & System Failures,Low,Process Gap,Pass,2026-04-16,2026-07-15,2026-06-30,False,False
ISS-2184,Merchant Services,Business Disruption & System Failures,Medium,Process Gap,Fail,2025-12-14,2026-02-12,2026-02-21,True,False
ISS-2185,Cards,Business Disruption & System Failures,Medium,Process Gap,Pass,2026-03-13,2026-05-12,2026-06-30,True,False
ISS-2186,Payments Ops,"Clients, Products & Business Practices",Low,Process Gap,Pass,2025-04-25,2025-07-24,2025-07-17,False,False
ISS-2187,Retail Banking,"Clients, Products & Business Practices",High,Human Error,Fail,2026-03-23,2026-04-22,2026-03-24,False,False
ISS-2188,Corporate Functions,"Execution, Delivery & Process Management",Low,Human Error,Pass,2025-05-27,2025-08-25,2025-10-31,True,False
ISS-2189,Digital Channels,"Execution, Delivery & Process Management",Medium,Process Gap,Fail,2026-04-15,2026-06-14,2026-06-17,True,True
ISS-2190,Retail Banking,"Execution, Delivery & Process Management",Medium,System Failure,Pass,2025-03-13,2025-05-12,2025-05-02,False,False
ISS-2191,Retail Banking,Business Disruption & System Failures,High,Process Gap,Pass,2025-07-31,2025-08-30,,True,False
ISS-2192,Merchant Services,Business Disruption & System Failures,Low,System Failure,Pass,2026-03-21,2026-06-19,,True,False
ISS-2193,Cards,Employment Practices & Workplace Safety,Medium,Process Gap,Fail,2026-03-13,2026-05-12,2026-05-21,True,False
ISS-2194,Cards,External Fraud,Low,Third-Party / Vendor,Pass,2025-10-16,2026-01-14,2025-11-27,False,False
ISS-2195,Digital Channels,"Execution, Delivery & Process Management",Medium,Process Gap,Fail,2025-03-01,2025-04-30,,True,False
ISS-2196,Cards,Business Disruption & System Failures,Medium,Human Error,Pass,2025-01-17,2025-03-18,2025-01-19,False,False
ISS-2197,Corporate Functions,"Execution, Delivery & Process Management",Low,Human Error,Pass,2025-01-12,2025-04-12,,True,False
ISS-2198,Digital Channels,"Execution, Delivery & Process Management",Medium,Process Gap,Pass,2026-06-26,2026-08-25,2026-06-30,False,False
ISS-2199,Retail Banking,"Execution, Delivery & Process Management",Medium,Human Error,Fail,2025-03-25,2025-05-24,2025-03-26,False,False
ISS-2200,Retail Banking,Business Disruption & System Failures,Low,Documentation Gap,Pass,2026-03-10,2026-06-08,2026-04-20,False,False
